"name","institution"
"Kathryn A. Robb","University of Glasgow"
"Alexandre Morin","University of Western Sydney, Australia"
"Robert Costigan","Department of Management, St. John Fisher College, Rochester, NY, USA"
"A.C. Igboanugo","University of Benin"
"Mariel Mateo Pinones","University of Chile"
"Samuel R. Nyman","Bournemouth University"
"Shimels Mohammed","Tehran University of Medical Sciences-International Campus"
"Rudolf Kerschbamer","University of Innsbruck"
"Maryam Vamdar","Islamic Azad University"
"Valentina Di Stasio","University of Oxford, Oxford, UK"
"Peter M. Steiner","Department of Educational Psychology, University of Wisconsin-Madison, Madison, WI, USA"
"Vikram Pal Aggarwal","Department of Public Health Dentistry, Surendera Dental College and Research Institute, Sri Ganganagar, Rajasthan, India"
"Lina Bedoya","University of San Buenaventura Medellín"
"Patrick Kotzur","Universität Osnabrück"
"Gabriele Ligorio","The BioRobotics Institute, Scuola Superiore Sant’Anna, Pisa, Italy"
"C. Arora","Faculty of Medicine, Nursing and Health Sciences, Monash University, Melbourne, VIC, Australia Monash Hospital, Clayton, VIC, Australia"
"Claire Rickard","Griffith University"
"Sushree Panda","KIIT University"
"Yin Shuiqing","Beijing Normal University"
"Christian Fabiansen","University of Copenhagen"
"Mehdi Srifi","Mohammed V University"
"Pascale Deneulin","Fachhochschule Nordwestschweiz FHNW"
"Mikias Kebede","Debre Berhan University"
"Kevin Kwok-yin Cheng","The Chinese University of Hong Kong"
"Elizabeth MacDougall","Hood College"
"Neda Ahmadzadeh Tori","Tehran University of Medical Sciences"
"Po-Huang Chyou","Biomedical Informatics Research Center, Marshfield Clinic, Marshfield, WI"
"Morten Magelssen","Centre for Medical Ethics, Institute of Health and Society, University of Oslo, Oslo, Norway"
"Behnaz Kazerooni Zand","Islamic Azad UniversitySariIran"
"Yasemin Atik Altınok","Ege University Faculty of Medicine, Department of Pediatric Endocrinology, İzmir, Turkey"
"Rohan Barse","National University"
"Virginia Rollon-Ugade","Virgin Macarena University"
"Deanna Denman","Southern Methodist University"
"Sheryl Chatfield","Kent State University"
"Mia Cahill","Rutgers University"
"Evangelos Psomas","Department of Business Administration of Food and Agricultural Enterprises, University of Patras, Agrinio, Greece"
"Deepak Koyilerian Prabhakaran","MOSC Medical College, Kolenchery, Kerala"
"Laurent Marchal Bertrand","Universitaria Konrad Lorenz, Bogotá"
"Iris Kesternich","University of Leuven"
"Rose Pfefferbaum","University of Oklahoma"
"Dongmiao Wang","School of Electrical and Electronic Engineering , The University of Manchester ,"
"José Tomás","Universidad de Valencia (Spain)"
"Soumaya Gmar","Laboratory of Natural Water Treatment Center of Researches and Water Technologies Soliman Tunisia"
"Sabina Baraković","Faculty of Traffic and Communications University of Sarajevo Sarajevo Bosnia and Herzegovina /.American University in Bosnia and HerzegovinaSarajevoBosnia and Herzegovina"
"W. Adamowicz","University of Alberta"
"Armelle Mbaveng","Institute of Pharmacy and Biochemistry, University of Mainz"
"Fernando Santini","Faculdade SENACRS"
"Shimels Hussien Mohammed","Tehran University of Medical Sciences"
"Corine Buers","Utrecht University School of Governance, Utrecht University"
"Sanne Kruikemeier","Political Communication, Amsterdam School of Communication Research, University of Amsterdam, The Netherlands."
"Karrie A. Shogren","University of Kansas"
"E.L. CIUREA","University of Medicine and Pharmacy of Craiova"
"Cleto Miranda-Neto","Departamento De Matemática, Universidade Federal Da Paraíba"
"Monica Martinez-Gomez","Universitat Politècnica de Catalunya (UPC)"
"Fu-Chun Wu","National Taiwan University"
"Micaela Pinho","Portucalense University"
"Natalia Maloshonok","University Higher School of Economics (HSE), Moscow"
"Scott Clifford","University of Houston"
"Kukić Filip","Strategic management and performance improvement department, Sport activities section, Abu Dhabi Police, UAE"
"Maria Rosita Cagnina","University of Udine"
"Silvana Montenegro","Facultad de Ciencias Médicas, Universidad Nacional de Rosario, Rosario, Argentina"
"Rebecca Fish","Division of Cancer Sciences, School of Medical Sciences, Faculty of Biology, Medicine and Health, University of Manchester, Manchester, UK & Colorectal and Peritoneal Oncology Centre, Christie NHS Foundation Trust, Manchester, UK"
"Michael Greenacre","Universitat Pompeu Fabra, Barcelona, Spain"
"Prasanthi Boddu","Almanhal"
"Claus-Peter Ernst","Frankfurt University of Applied Sciences"
"Ulf Liebea","Institute of Sociology, University of Bern, Fabrikstrasse 8, CH-3012 Bern, Switzerland"
"Brian Powell","Department of Sociology, Indiana University"
"Sophie Albrecht","Stockholm University"
"Josua Oll","University of Hamburg"
"J. Ripollés-Melchor","Complutense University of Madrid"
"Reina Granados","Mind, Brain, and Behavior Research Center, Universidad de Granada, Spain"
"Kenneth Chapman","University of Toronto"
"Fernando Bellíssimo-Rodrigues","University of São Paulo"
"Roberto Barrientos-Medina","Universidad Autónoma de Yucatán"
"MIguel Gomez","ETH Zurich"
"Ying Jang","Cranfield University"
"Sveinung Arnesen","University of Bergen"
"Spoorthi Thammaiah","Lamar University Beaumont"
"Paul Benjamin Lowry","Faculty of Business and Economics, The University of Hong Kong"
"Roya Kelishadi","Isfahan University of Medical Sciences"
"Mohammad Adawi","Bar-Ilan University"
"Rafael Burgueño Mengibar","Universidad de Almería / Universidad de Granada"
"Francisco José Ruiz","Fundación Universitaria Konrad Lorenz"
"Jason Rydberg","University of Massachusetts Lowell"
"Francisco J. Ruiz","Fundación Universitaria Konrad Lorenz, Bogotá"
"Adi Lador","Sackler Faculty of Medicine, Tel Aviv University"
"Ben Jann","University of Bern"
"David McElhattan","Northwestern University, Sociology, 1810 Chicago Avenue, Evanston, IL 60208"
"Pete Malcolmson","Department of Mathematics, Wayne State University, Detroit, MI, USA"
"Margita Mesarosova","Faculty of Arts, Pavol Jozef Safarik University"
"Dominika Wach","TU Dresden, Germany"
"Andraž Petrovčič","University of Ljubljana"
"Jakub Szewczyk","Institute of Psychology, Jagiellonian University, Kraków, Poland"
"Nur Ab Majid","Institute for Public Health, Bangsar, Kuala Lumpur, Malaysia"
"Pierre Petitgas","The Institut français de recherche"
"Michael Hanslmaier","Criminological Research Institute of Lower Saxony, Germany"
"Mogens Pedersen","Aarhus University"
"Sheryl L. Chatfield","Kent State University"
"Ruxandra BEJINARU","Universitatea Stefan cel Mare Suceava"
"Xiaobing Liu","Peking University"
"Rosa Autorino","Fondazione Policlinico Universitario Agostino Gemelli IRCCS"
"Mahdi Khademian","Amirkabir University of Technology, Tehran, Islamic Republic of Iran"
"Christian Agyare","Department of Pharmaceutics, Faculty of Pharmacy and Pharmaceutical Sciences, Kwame Nkrumah University of Science and Technology, Kumasi, Ghana"
"Nadia Abuzied","Federal Ministry of Health, Khartoum, Sudan"
"Robert F. Otondo","Mississippi State University"
"Matthew J. Witry","University of Iowa"
"Julio Cesar Ferro de Guimarães","Faculdade Meridional IMED"
"G Ramesh","Department of Oral and Maxillofacial Pathology, Rama Dental College Hospital and Research Centre, Kanpur, Uttar Pradesh, India"
"Severin Hennemann","1Department of Psychosomatic Medicine and Psychotherapy, University Medical Center, Gutenberg University Mainz, Mainz, Germany  2Department of Clinical Psychology, Psychotherapy and Experimental Psychopathology, Institute of Psychology, University of Mainz, Mainz, Germany"
"Nasibeh Hajilary","Department of Chemical Engineering, Golestan University, Gorgan, Iran"
"Claus-Peter H. Ernst","Frankfurt University of Applied Sciences"
"Reto Wüest","University of Geneva"
"Sang-Hyun Kim","Seoul National University College of Medicine"
"Silva Umann","UDEA"
"Michaela Haase","Freie Universität Berlin, Berlin, Germany"
"Sujaya Gupta","Kantipur Dental College"
"Laura L. King","Department of Criminal Justice, Boise State University, Boise, Idaho, USA"
"Annabell Daniel","Freie Universität Berlin"
"Frances Y. Kuo","School of Mathematics and Statistics, University of New South Wales, SydneyAustralia"
"Coskun Canan","Humboldt University of Berlin"
"Paul A. Jewsbury","University of Melbourne"
"Jeffrey Huffman","Massachusetts General Hospital, Boston, MA, USA"
"Asako Miur","Department of Psychological Science, Kwansei Gakuin University, Nishinomiya, Japan"
"Trent Maurer","Georgia Southern University, Statesboro, USA"
"Anthony Clement Igboanugo","University of Benin"
"Stelios Karagiannis","Centre of Planning and Economic Research, Athens, Greece"
"Noah Ivers","University of Toronto"
"J Djokovic","Department of Pharmacology and Toxicology"
"Eva Bostjancic","University of Ljubljana"
"Georgios KORONIS","Singapore University of Technology and Design"
"Alejandro Salado","Grado Department of Industrial and Systems Engineering Virginia Tech"
"Melissa D. Kunkel","Indiana University School of Medicine"
"Yu LI","Advanced Digital Sciences Center, Singapore"
"Sarah K. Schäfer","Saarland University"
"Yuqing Zhang","Department of Health Research Methods, Evidence, and Impact, McMaster University, Hamilton, Ontario, Canada Guang'anmen Hospital China Academy of Chinese Medical Science, Xicheng District, Beijing, China"
"Rob Grieve","University of the West of England"
"Ahmed Ibrahim","University of Chicago"
"Selcuk Selcuk","Zeynep Kamil Training and Research Hospital"
"Anders Molander","Centre for the Study of Professions, Oslo and Akershus University College, Norway."
"Li Zheng","Department of Electrical and Information Technology"
"Matthew Witry","Department of Pharmacy Practice and Science, University of Iowa College of Pharmacy, 115 S. Grand Avenue S515 PHAR, Iowa City, IA 52242."
"Ching-Shui Cheng","University of California, Berkeley"
"Siv K. Stafseth","Oslo University Hospital-Rikshospitalet"
"Wim Oorschot","University of Leuven"
"Taruna Malhotra","Vaish College of Education, Rohtak"
"Anna Forke","Johannes Gutenberg-University Mainz"
"Jagdish Chaturvedi","Apollo Hospital, India"
"Davide Marengo","University of Aosta Valley"
"Timothy Brown","University of Texas at Dallas"
"Alessandra Dosch","University of Geneva"
"Anne Toussaint","Department of Psychosomatic Medicine and Psychotherapy, University Medical Center Hamburg-Eppendorf and Schön Klinik Hamburg Eilbek, Hamburg, Germany"
"Tobias Wolbring","Mannheim,Deutschland"
"Leandro Tonetto","Universidade do Vale do Rio dos Sinos"
"Huda Taha","1GU/HIV Medicine, Coventry and Warwickshire Partnership Trust, Coventry, UK"
"Nadhrathul Ain Bt Ibrahim","UiTM Shah Alam"
"Lawrence Garber","Elon University and Institute of Management Technology"
"Rie Chiba","School of Nursing, Jichi Medical University, 3311-159, Yakushiji, Shimotsuke-shi, Tochigi, 329-0498, Japan"
"Katrien De Wilde","Odisee University College"
"William Tullar","UNC - Greensboro"
"Thomas Foulkes","Engineering University of Illinois at Urbana-Champaign"
"Andrew Kirkpatrick","University of Calgary"
"Xavier Triado-Ivern","University of Barcelona"
"Corbin Reno","Pennsylvania State University, University Park, PA, USA"
"Luzia Helfer","Department of Political Science, Leiden Univerrsity"
"Vineet Chopra","University of Michigan Medical School, Ann Arbor"
"Cheng-Kar Phang","Department of Psychiatry, Faculty of Medicine and Health Sciences, Universiti Putra Malaysia (UPM), Selangor, Malaysia"
"Peter Anderson","Teesside University"
"Melissa L. Rorie","University of Nevada"
"Charles Gonson","IFREMER, UR Lagons, Ecosystèmes et Aquaculture Durable en Nouvelle Calédonie"
"Jeffery C Huffman","Massachusetts General Hospital"
"Bin Gao","School of Electronics and Information, Jiangsu University of Science and Technology, Zhenjiang, Jiangsu, 212003, China"
"Joanne Crawford","Faculty of Applied Health Sciences, Department of Nursing, Brock University, 1812 Sir Isaac Brock Way, St. Catharines, ON, L2S 3A1, Canada"
"Pinar Kuecuekbalaban","Ernst-Moritz-Arndt-University"
"Merete Monrad","Aalborg University"
"Réka Szigeti","Eötvös Loránd University (ELTE PPK)"
"Jesus Escalante","Universitat Politècnica de Catalunya, Spain"
"Robert Strader","Capella University"
"Alexander Coppock","Department of Political Science, Yale University, New Haven, CT"
"Inbal Nahum-Shani","The University of Michigan-Ann Arbor"
"Blaine Robbins","New York University, University of California, Berkeley Abu Dhabi United Arab Emirates"
"Tiago Correia","School of Sociology and Public Policies, ISCTE-Instituto Universitário de Lisboa, Av Forcas Armadas, 1649-026, Lisbon, Portugal"
"Diana Kontsevaia","Bentley University Waltham, MA, U.S.A."
"Sergio Herzog","Hebrew University of Jerusalem Israel"
"Francisco Ruiz","Facultad de Psicología, Fundación Universitaria Konrad Lorenz, Bogotá, Colombia"
"Catarina Machado Azeredo","School of Medicine—Federal University of Uberlandia (Faculdade de Medicina—Universidade Federal de Uberlândia), Uberlandia, Brazil"
"Jasper Hotho","Department of International Economics, Government and BusinessCopenhagen Business SchoolFrederiksbergDenmark"
"Satomi Doi","Department of Global Health Promotion, Tokyo Medical and Dental University, Tokyo, Japan, National Center of Neurology and Psychiatry, National Center for Cognitive Behavior Therapy and Research, Tokyo, Japan"
"Ali Nejat","Texas Tech University"
"Kevin Elliott","Lyman Briggs College, Department of Fisheries and Wildlife, Department of Philosophy, Michigan State University, East Lansing, Michigan, United States of America"
"Rathie Rajendram","Moorfields Eye Hospital NHS Foundation"
"Jordan Lamberton","University of the Pacific"
"Oliver Hirsch","Philipps University of Marburg"
"Arash Rahafar","University of Tübingen"
"Jane Wardle","Health Behaviour Research Centre, Department of Epidemiology and Public Health"
"Hervé Caci","2Hôpitaux Pédiatrique de Nice–CHU Lenval, France"
"Unsal Sigri","Department of Sport Management, Baskent University, Ankara, Turkey"
"C.M. Chiejine","University of Benin"
"Eduardo Valenzuela Carvallo","University of Chile"
"Andrew Callaway","Bournemouth University"
"Ahmad Esmaillzadeh","Tehran University of Medical Sciences"
"Matthias Sutter","U0niversity of Cologne, University of Innsbruck, CESifo Munich and IZA Bonn"
"Mohammad Hesam Jahanmiri","Islamic Azad University"
"Dan Su","Department of Educational Psychology, University of Wisconsin-Madison, Madison, WI, USA"
"Aditi Sharma","Department of Public Health Dentistry, Surendera Dental College and Research Institute, Sri Ganganagar, Rajasthan, India"
"Nataly Agudelo","Catholic University of Pereira"
"Ulrich Wagner","Universität Mannheim"
"Angelo Sabatini","The BioRobotics Institute, Scuola Superiore Sant’Anna, Pisa, Italy"
"J. Savulescu","Oxford Uehiro Centre for Practical Ethics, University of Oxford, Suite 8, Littlegate House, St Ebbes St, Oxford, OX1 1PT, UK"
"E Geoffrey Playford","Griffith University"
"Appa Gangolu","Indian Institute of Technology Madras"
"Thomas Efferth","University of Mainz"
"Yishan Li","Beijing Normal University"
"Henrik Friis","University of Copenhagen"
"Salma Mouline","Mohammed V University"
"Yves Le Fur","Centre des Sciences du Goût et de l'Alimentation (CSGA)"
"P Mukilan","Debre Berhan University"
"Ingrid Farreras","Hood College"
"Davoud Shojaeizadeh","Tehran University of Medical Sciences"
"Amit Acharya","Marshfield Clinic Research Institute, Marshfield, WI, US"
"Lars Johan Materstvedt","Department of Philosophy and Religious Studies, Faculty of Humanities, Norwegian University of Science and Technology (NTNU), Trondheim, Norway"
"Zohreh Sepehri Shamloo","Mashhad Ferdowsi UniversityMashhadIran"
"Pankaj Sharma","National University"
"Angel Rollon-Mayardormo","Virgin Macarena University"
"Jasmin Tiro","University of Texas Southwestern Medical Center"
"Jeffrey Hallam","Kent State University"
"Joseph Varghese","MOSC Medical College, Kolenchery, Kerala"
"Pablo Vallejo Medina","Universitaria Konrad Lorenz, Bogotá"
"Joachim K. Winter","University of Munich"
"Richard Van Horn","University of Oklahoma"
"Sheng Ji Tang","School of Electrical and Electronic Engineering , The University of Manchester"
"Irene Fernández","Universidad de Valencia (Spain)"
"Nawel Helali","Laboratory of Natural Water Treatment Center of Researches and Water Technologies Soliman Tunisia"
"Lea Skorin-Kapov","Faculty of Electrical Engineering and ComputingUniversity of Zagreb, Zagreb, Croatia"
"J. Louviere","University of Utah"
"Thomas Effertha","Institute of Pharmacy and Biochemistry, University of Mainz"
"Miriam Henz","Faculdade SENACRS"
"Joop Schippers","Utrecht University School of Economics, Utrecht University"
"Sophie Lecheler","Political Communication, Amsterdam School of Communication Research, University of Amsterdam, The Netherlands."
"Megan Adkins","University of Kansas"
"A.E. STEPAN","University of Medicine and Pharmacy of Craiova"
"Juan Marin-Garcia","Universitat Politècnica de Catalunya (UPC)"
"Guo-Hao Huang","Feng Chia University"
"Pedro Veiga","Polytechnic Institute of Viseu"
"Evgeniy Terentev","University Higher School of Economics (HSE), Moscow"
"Dopsaj Milivoj","University of Belgrade, Faculty of Sports and Physical Education"
"Stefania Troiano","University of Udine"
"Nora Moscoloni","Programa Interdisciplinario de Análisis de Datos, Instituto Rosarino de investigación en Ciencias de la Educación, CONICET y Universidad Nacional de Rosario, Rosario, Argentina"
"Caroline Sanders","Centre for Primary Care, University of Manchester, Manchester, UK"
"Tor Korneliussen","Nord University, Bodø, Norway"
"Nagabhusan Mudili","Almanhal"
"Martin Huschens","Johannes Gutenberg-Universität Mainz | JGU · Gutenberg School of Management & Economics"
"Jürgen Meyerhoff","Technische Universität Berlin, Institute for Landscape and Environmental Planning, Straße des 17.Juni 145, D−10623 Berlin, Germany"
"Lauren Apgar","Department of Sociology, Indiana University"
"Constanze Leineweber","Stockholm University"
"Peter Kotzian","Heinrich Heine University Düsseldorf"
"J.M. Calvo-Vecino","Complutense University of Madrid"
"Juan Sierra","Mind, Brain, and Behavior Research Center, Universidad de Granada, Spain"
"David Hinds","Real World Evidence & Epidemiology, GlaxoSmithKline"
"Didier Pittet","University of Geneva"
"Jorge Navarro-Alberto","Universidad Autónoma de Yucatán"
"Eula Villar","La Salle Universitat Ramon Llull"
"Duje Petricevic","University of Split"
"Philip Longhurst","Cranfield University"
"Bradley McPherson","University of Hong Kong"
"Sutirtha Chatterjee","University of Nevada, Las Vegas"
"Mohammad Motlagh","Ahvaz Jundishapur"
"Abdulla Watad","University of Genoa"
"Jesús Medina Casaubón","Universidad de Granada"
"Juan Carlos Suárez-Falcón","Universidad Nacional de Educación a Distancia"
"Kelly M. Socia","University of Massachusetts Lowell"
"Juan C. Suárez-Falcón","Universidad Nacional de Educación a Distancia, Madrid"
"Zaza Iakobishvili","Sackler Faculty of Medicine, Tel Aviv University"
"Thomas Hinz","University of Konstanz"
"Jill Weinberg","American Bar Foundation in Chicago, IL"
"Damla Gökşen","Ege University Faculty of Medicine, Department of Pediatric Endocrinology, İzmir, Turkey"
"Frank Okoh","Department of Mathematics, Wayne State University, Detroit, MI, USA"
"Marjan Gorgievski","Erasmus University Rotterdam, The Netherlands"
"Gordon H. Guyatt","McMaster University"
"KatjaLozar Manfreda","University of Ljubljana"
"Marta Marecka","Institute of Psychology, Jagiellonian University, Kraków, Poland"
"Muhammad Mohd Yusoff","Institute for Public Health, Bangsar, Kuala Lumpur, Malaysia"
"Mathieu Doray","The Institut français de recherche"
"Dirk Baier","Zurich University of Applied Sciences, Switzerland"
"Christian Nielsen","London School of Economics"
"Jeffrey S. Hallam","Kent State University"
"Xiaoguang Yang","Penn State University"
"Cynthia Aristei","University of Perugia"
"Mohammad Homayounpour","Amirkabir University of Technology, Tehran, Islamic Republic of Iran"
"Andreas Hensel","University of Münster, Institute for Pharmaceutical Biology and Phytochemistry, Corrensstrasse 48, D-48149 Münster, Germany"
"Merrill Warkentin","Mississippi State University"
"Lisa M. Guirguis","University of Alberta"
"César Ricardo Maia de Vasconcelos","Universidade Potiguar (UnP)"
"A Kumar","Department of Oral and Maxillofacial Pathology, Rama Dental College Hospital and Research Centre, Kanpur, Uttar Pradesh, India"
"Manfred Beutel","Department of Psychosomatic Medicine and Psychotherapy, University Medical Center, Gutenberg University Mainz, Mainz, Germany"
"Mashallah Rezakazemi","Faculty of Chemical and Materials Engineering, Shahrood University of Technology, Shahrood, Iran"
"Laura Hoppe","Johannes Gutenberg-Universität Mainz"
"Jonas Pontusson","University of Geneva"
"Sang-Ho Jo","Hallym University Medical Center"
"James Gentry","University of Nebraska-Lincoln, Lincoln, NE, USA"
"Bhageshwar Dhami","Kantipur Dental College"
"Jennifer J. Roberts","Department of Criminology, Indiana University of Pennsylvania, Indiana, Pennsylvania, USA"
"Rainer Watermann","Freie Universität Berlin"
"Dirk Nuyens","Department of Computer Science, KU Leuven, Leuven, Belgium"
"Naika Foroutan","Humboldt University of Berlin"
"Stephen C. Bowden","University of Melbourne"
"Elyse Park","Massachusetts General Hospital, Boston, MA, USA"
"Tetsuro Kobayashi","Department of Media and Communication, City University of Hong Kong, Kowloon, Hong Kong"
"TI Okafor","University of Benin"
"Heike Solga","Freie Universität Berlin"
"Jeremy Grimshaw","University of Ottawa"
"SM Jankovic","Department of Pharmacology and Toxicology"
"Richard Johnson","Indiana Wesleyan University"
"Pei Zhi CHIA","Singapore University of Technology and Design"
"Brownsyne Tucker Edmonds","Indiana University School of Medicine"
"Mohammad Mehdi Homayounpour","Amirkabir University of Technology"
"Robby T. Tan","Yale-NUS College and National University of Singapore, Singapore"
"Volker Köllner","Center for Internal Medicine and Dermatology Charité – Universitätsmedizin Berlin"
"Gordon Guyatt","Department of Medicine and Department of Health Research Methods, Evidence, and Impact, Hamilton, Ontario, Canada"
"Shea Palmer","University of the West of England"
"Bruce Shore","McGill University"
"Ates Karateke","Istanbul Medeniyet University"
"Selome Tesfatsion","Dept. of Comput. Sci. at Umea Univ."
"Lisa Guirguis","Faculty of Pharmacy and Pharmaceutical Sciences, University of Alberta, Edmonton, Alberta, Canada"
"Anners Lerdal","University of Oslo"
"Tim Reeskens","Tilburg University"
"Mona Malhota","Maharshi Dayanand University"
"J Sanchez-Paya","Unidad de Epidemiología, Servicio de Medicina Preventiva, Hospital General Universitario de Alicante, Alicante, Spain"
"Pascal Siegers","GESIS - Leibniz-Institute for the Social Sciences Mannheim, Germany"
"Roma Vishwanath","Apollo Hospital, India"
"Renato Miceli","University of Aosta Valley"
"Thomas Leeper","Department of Government, London School of Economics and Political Science"
"Daniel Griffith","University of Texas at Dallas"
"Martial Van der Linden","University of Geneva"
"Pascal Jordan","Department of Psychosomatic Medicine and Psychotherapy, University Medical Center Hamburg-Eppendorf and Schön Klinik Hamburg Eilbek, Hamburg, Germany"
"Pieter Desmet","Delft University of Technology"
"Satyajit Das","1GU/HIV Medicine, Coventry and Warwickshire Partnership Trust, Coventry, UK"
"Rosidah Musa","UiTM Shah Alam"
"Lubna Nafees","Institute of Management Technology"
"Maki Umeda","Faculty of Community Health Nursing/ Public Health Nursing, St Luke’s, International University, 10-1, Akashi-cho, Chuo-ku, Tokyo, 104-0044, Japan"
"Els Clays","Ghent University"
"Dwight Gentry","UNC - Greensboro"
"Tomas Modeer","SCiBreak AB"
"Douglas Hamilton","University of Calgary"
"Pilar Presas Maynegre","University of Barcelona"
"Erika Poole","Pennsylvania State University, University Park, PA, USA"
"Peter Aelst","Department of Political Science, University of Antwerb and Leiden Univerrsity"
"Sarah Krein","U.S. Department of Veterans Affairs (VA) Ann Arbor Healthcare System"
"Firdaus Mukhtar","Department of Psychiatry, Faculty of Medicine and Health Sciences, Universiti Putra Malaysia (UPM), Selangor, Malaysia"
"Jennifer Jerit","Stony Brook University"
"Antoni Gual","Clinic Hospital of Barcelona, Spain"
"Michael P. Vandenbergh","Vanderbilt University School of Law"
"Frederique Alban","Univ Brest, Ifremer, Plouzane, France"
"Elyse R Park","Massachusetts General Hospital"
"Jiangtao Zhai","School of Electronics and Information, Jiangsu University of Science and Technology, Zhenjiang, Jiangsu, 212003, China"
"Arlene S. Bierman","Center for Evidence and Practice Improvement (CEPI), Agency for Health Care Research and Quality, Washington DC, USA University of Toronto, Toronto, ON, Canada"
"Silke Schmidt","Ernst-Moritz-Arndt-University"
"Tine Fuglsang","Justitsministeriets Forskningskontor"
"Róbert Urbán","Eötvös Loránd University (ELTE PPK)"
"Josep Casanovas","Universitat Politècnica de Catalunya, Spain"
"Kevin Mullinix","Department of Political Science, University of Kansas, Lawrence, KS"
"John Dziak","The Pennsylvania State University, University Park"
"Edgar Kiser","University of Washington, USA"
"Graca Carapinheiro","School of Sociology and Public Policies, ISCTE-Instituto Universitário de Lisboa, Av Forcas Armadas, 1649-026, Lisbon, Portugal"
"Paul Berger","Bentley University Waltham, MA, U.S.A."
"Tomer Einat","Bar-Ilan University"
"Diana García-Beltrán","Facultad de Psicología, Fundación Universitaria Konrad Lorenz, Bogotá, Colombia"
"Renata Bertazzi Levy","School of Medicine—University of Sao Paulo (Faculdade de Medicina—Universidade de São Paulo), Sao Paulo, Brazil"
"Larissa Rabbiosi","Department of Strategy and InnovationCopenhagen Business SchoolFrederiksbergDenmark"
"Masaya Ito","National Center of Neurology and Psychiatry, National Center for Cognitive Behavior Therapy and Research, Tokyo, Japan"
"Daan Liang","Texas Tech University"
"Thomas Dietz","Department of Sociology, Environmental Science and Policy Program, Michigan State University, East Lansing, Michigan, United States of America"
"Peter Taylor","Chang'an University"
"Clifton Carey","University of Colorado"
"Hanna Christiansen","Philipps University of Marburg"
"Ali Kasaeian","University of Tübingen"
"Irene Røen","Innlandet Hospital Trust"
"Kirsten Martin","George Washington University School of Business"
"Crystal Chapman Lambert","University of Alabama"
"Alex M Cressman","Faculty of Medicine, University of Toronto, Toronto, Ontario, Canada"
"Sura Searan","University of Anbar"
"Roger Millsap","Clinical Psychology & Psychotherapy"
"Dylan Mezzio","Xcenda"
"Lianne Kokoska","Harper University Hospital, Detroit Medical Center"
"Jessica Sheringham","Department of Applied Health Research, UCL"
"Anatoliy Gruzd","Ryerson university"
"Davide Massidda","University of Cagliari"
"Sebastian Sattler","Institute for Sociology and Social Psychology"
"Muhammad Kamran","Cryptography and Security"
"Abáigar Pedraza","General University Hospital of Alicante"
"Paul Lowry","The University of Hong Kong"
"A. Vinodan","School of Management Studies Cochin University of Science and Technology, Kochi, Kerala, India"
"Valentina Stasio","University of Oxford"
"Shantanu Debnath","Department of Production Engineering, National Institute of Technology Agartala, Tripura 799046, India"
"MB Sruthimol","NIMHANS, Bangalore, India"
"Tiago Correia","School of Sociology and Public Policies, ISCTE-Instituto Universitário de Lisboa, Av Forcas Armadas, 1649-026, Lisbon, Portugal"
"Ahmad Thuraya Kaadan","Graduate School of Informatics Department of Social, Informatics Nagoya University, Nagoya, Japan"
"Okoh Ufuoma","Apex Academy"
"Corine Buers","Utrecht University School of Governance"
"Merrill Warkentin","Mississippi State University"
"Bernice Elgera","Institute for Biomedical Ethics, University of Basel, Switzerland"
"Stephanie Thompson","University of Alberta"
"Debby Vos","Department of Political Science, University of Antwerp"
"Viegas , Rocío","Rocío Universitat Jaume"
"Young Jeong Na","Massachusetts General Hospital"
"Tsair-Wei Chien","Department of Hospital and Health Care Administration, Chia-Nan University of Pharmacy and Science, Tainan, Taiwan"
"Christopher DeLuca","Faculty of Education, Queen’s University , Kingston, Canada"
"Anthony Faustine","Cornell University"
"Juan Carlos Sierra","Mind, Brain, and Behavior Research Center (CIMCYC), Universidad de Granada, Spain"
"Flavia Fossati","Malmö Institute for Studies of Migration, Diversity and Welfare (MIM)"
"AI Lala","“Robert PAX” Hospital Center, Sarreguemines, France"
"Francesca Bruno","Alma Mater Studiorum University"
"Allen Johnston","University of Alabama"
"Inbal Nahum-Shani","Institute for Social Research, The University of Michigan"
"Lilin Xiong","Nanjing Municipal Center for Disease Control and Prevention"
"Mirko Antino","Instituto Universitário de Lisboa"
"FAN YANG","The University of Hong Kong, China."
"Deirdre J. Lyell","Department of Obstetrics and Gynecology, Stanford University, Palo Alto, California"
"Madeline Stenger","Northern Arizona University"
"Alka Agnihotri","International Conference on Infocom Technologies and Unmanned Systems, Amity University"
"Shuen Tsai","Nat. Cheng Kung Univ"
"Robert Costigan","St. John Fisher College"
"Michael Parchman","Group Health Research Institute"
"Celene Reynolds","Yale University"
"WimVan Biesen","Ghent University Hospital"
"Hermann Dülmer","1Institute of Sociology and Social Psychology, University of Cologne"
"Simon Willcock","University of Southampton"
"Christopher Blattman","Columbia University SIPA, 420 W 118th St., New York, NY, United States"
"N Toomanian","Pedodiversity"
"Noah Ivers","Women’s College Research Institute and Women’s College Hospital Institute for Health Systems Solutions and Virtual Care, Toronto, Canada Department of Family and Community Medicine, Women’s College Hospital, Toronto, Canada Institute for Clinical Evaluative Studies, Toronto, Canada Department of Family and Community Medicine and Institute of Health Policy, Management and Evaluation, University of Toronto, Toronto, Canada"
"Cláudia Tartaglia Reis","Secretaria Municipal de Saúde de Cataguases, Cataguases, Brasil."
"Stephanie Moser","University of Berne"
"Mehdi Bagherzadeh","NEOMA Business School"
"Marley Watkins","Baylor University"
"Brett R. Blackwell","U.S. EPA, Mid-Continent Ecology Division, 6201 Congdon Boulevard, Duluth, Minnesota 55804, United States"
"Loreena Hill","Research Fellow, Queen’s University, Belfast, Northern Ireland, United Kingdom."
"Priscar Sue Barasa","United States International University Africa"
"Lynn Erbe","University of Nbraska-Lincoln"
"D. Peipert John","University of California"
"A. S. Masutti Thiago","Catholic University"
"David Donato","Eastern Geographic Science Center"
"Samantha L. Quaife","Department of Behavioural Science and Health, University College London, Gower Street, London, WC1E 6BT, UK"
"ELEANOR DAVIES","University of Huddersfield"
"Michel C.F. Shamy","From the Department of Medicine (M.C.F.S., R.R.) and Division of Neurology (M.C.F.S.), and School of Public Health, Preventive Medicine and Epidemiology (M.C.F.S., M.P.), University of Ottawa, Ontario, Canada; Ottawa Hospital Research Institute, Ottawa, Ontario, Canada (M.C.F.S., R.R.); Department of Neurology, University of California San Francisco (K.M., A.S.K.); and Department of History (F.W.S.), Department of Community Health Sciences (F.W.S., E.E.S.), and Department of Clinical Neurosciences (E.E.S.), University of Calgary, Alberta, Canada."
"Patricia Appel","Department of Medical Psychology and Psychotherapy, Medical Sociology and Rehabilitation Sciences, University of Würzburg, Klinikstrasse 3, 97070, Würzburg, Germany"
"Bitila Zhuli","Agricultural University of Tirana"
"Ida Højskov","Copenhagen University Hospital"
"Amador Priede","University Hospital “Marqués de Valdecilla”"
"Maryam Nasirian","Epidemiology and Biostatistics Department, Health School; and Infectious Diseases and Tropical Medicine Research Center, Isfahan University of Medical Sciences, Isfahan, Iran"
"Artiom Alhazov","Institute of Mathematics and Computer Science, Academy of Sciences of Moldova"
"Christian Hederich-Martínez","Universidad Pedagógica Nacional"
"Henrik Egbert","Economy, Business Economy"
"Javier Ortuño Sierra","University of La Rioja"
"Jared Bartels","Missouri Valley College"
"Samet Kose","University of Texas"
"Muhammad Akhund","Mehran University of Engineering & Technology"
"Suresh Malodia","Symbiosis Institute of Business Management"
"Kristin Baughman","Northeast Ohio Medical University"
"Lusine Grigoryan","Research Fellow, International Laboratory for Socio-Cultural Research, National Research University Higher School of Economics; PhD Fellow, Bremen International Graduate School of Social Sciences, Bremen, Germany, Moscow, Russia"
"Chiejine C.M","University of Benin"
"Mariatul Jaffar","Universiti Teknologi MARA"
"C McAulay‐Powell","University Hospital Geelong"
"Benjamin Davies","University of Cambridge"
"Sergio Herzog","Department of Criminology, Safed College, Safed, Israel"
"Angelica B Ortiz de Gortari","Department of Psychology, Nottingham Trent University, Nottingham,UK"
"Juha Kääriäinen","University of Helsinki"
"K Vandana","Drs Sudha and Nageswara Rao Siddhartha Institute of Dental Sciences, Gannavaram, Andhra Pradesh, India"
"Romer Castillo","Batangas State University"
"Diego Gomez-Baya","Universidad de Huelva"
"Abigail Greenleaf","Johns Hopkins Bloomberg School of Public Health"
"Maryam Vamdar","Islamic Azad University"
"Claudia Finger","WZB Berlin Social Science Center"
"Rathie Rajendram","Moorfields Eye Hospital NHS Foundation Trust"
"Nnoka Kingsley","Department of Nutrition and Dietetics, School of Applied Sciences, The Federal Polytechnic Ede, Osun State, Nigeria."
"Ryan Patten","Saint Louis University"
"Micaela Pinho","Universidade Portucalense, Research on Economics, Management and Information Technologies – REMIT, DEG, Oporto, Portugal"
"Gratianne Vaisson","Laval University, Quebec City, QC, Canada"
"Daphne C. Watkins","School of Social Work, University of Michigan"
"Sariya Udayachalerm","Purdue University"
"Daniela Knuth","University Greifswald"
"Arsène Zongo","1Faculty of Pharmacy, Laval University, Quebec City, QC, Canada2Population Health and Optimal Health Practices Research Unit, CHU de Québec - Université Laval Research Centre, Quebec City, QC, Canada3Chair on adherence to treatments, Laval University, Quebec City, QC, Canada"
"Annamaria Bagnasco","University of Genoa"
"Poluri Koteswari","Hindu College of Pharmacy"
"Xiaobing Liu","Chinese Center for Disease Control and Prevention"
"K. Bhargavi","Siddaganga Institute of Technology"
"W. Wheldon Christopher","Johns Hopkins University Press"
"Alexander R.Bazazi","Yale School of Public Health, Department of Epidemiology of Microbial Diseases, New Haven, CT, USA"
"Claire Garnett","University College London"
"Davoud Balarak","Ankara University"
"Michel Hubertus He","The University of North Carolina Wilmington"
"Xiao Ma","Cornell University"
"Carlos Cardoso","Portuguese Institute for the Sea and Atmosphere (IPMA)"
"Hossein Abdolrahimzadeh","Trauma Research Center, Shahid Rajaee (Emtiaz) Trauma Hospital, Shiraz University of Medical Sciences, Shiraz, Iran"
"K.L. Beck","School of Food and Nutrition, College of Health Massey University Auckland Auckland New Zealand"
"Faustin Habineza","INES-Ruhengeri"
"Jae Kwon","University of British Columbia"
"Shubao Chen","Central South University"
"Maria Fleischmann","University College London"
"Glory Viapude","University Tunku Abdul Rahman"
"Jianfei Cai","Nanyang Technological University"
"Zhe Zhang","Northeastern University"
"Carme Prunera","University of Barcelona"
"Pedro Domingues","University of Minho"
"Roy J.D. Macdonald","Research Center, University College of Osteopathy"
"Michael Hanslmaier","Criminological Research Institute of Lower Saxony Germany"
"Shamagonam James","University of the Witwatersrand"
"Zach Sommers","Northwestern University"
"Yasemin Altınok","Ege University"
"William A Millington","American Society of Agricultural and Biological Engineers"
"Laure Charleux","University of Minnesota–Duluth"
"JANANI MARIMUTHU","Holy Cross College"
"Christelle Martin-Lacroux","University of Grenoble"
"Pascale Deneulin","University of Applied Sciences and Arts Western Switzerland"
"Jennifer Sánchez","The University of Iowa"
"Zhen-Yu She","College of Management and Economics, Tianjin University, Tianjin 300072, China"
"Zhaohong Deng","School of Digital Media, Jiangnan University, Wuxi, Jiangsu, PR China"
"Reto Wüest","University of Geneva"
"Marjolijn De Wilde","The Implementation of Social Policy: A Factorial Survey Approach,"" Working Papers 1706, Herman Deleeck Centre for Social Policy, University of Antwerp."
"Maria Brenner","Trinity College of Dublin"
"Monica Martinez","Universitat Politècnica de Catalunya"
"Michael Findley","University of Texas"
"Norma M Riccucci","Rutgers University, Newark"
"Alexandra Parker","University of Melbourne"
"Nuwan Wickramasinghe","Rajarata University of Sri Lanka"
"Cristina Valenzuela","Universidad Autónoma de Chile"
"Juan Espinosa","University of California, Santa Barbara"
"Esther Vega","Universidad de Sevilla"
"Richard Mababu","Universidad a Distancia de Madrid"
"Murat Alan","Yildiz Technical University,"
"D. B. Karp","Far Eastern Federal University and Institute of Applied Mathematics of the FEBRAS, Vladivostok, Russia"
"Sarah Roberts","University of Illinois at Urbana-Champaign"
"Long Khuong","Ho Chi Minh City University of Medicine and Pharmacy"
"Brad Trinkle","Mississippi State University"
"Jasper Hotho","Copenhagen Business School"
"HAJI LATIF","Tarbiat Modares University"
"Ruxandra Bejinaru","Facultatea de Management – Scoala Nationala de Studii Politice si Administrative (SNSPA), Ștefan cel Mare University of Suceava"
"Krystallia Moysidou","University of Hamburg"
"An Zehui","Social participation in University Governance: China's situation and its path selection"
"Martin Abraham","University Erlangen-NurembergNurembergGermany"
"Zheng Li","Department of Electrical and Information Technology, Lund University, Lund, Sweden"
"Reecha Gupta","Department of Prosthodontics and Dental materials, Indira Gandhi Government Dental College, Jammu"
"Rosemary Bailey","University of St. Andrews"
"Frederick S. Barrett","John Hopkins University of Medicine"
"Fabienne Ennigkeit","Institute of Sport Sciences, Goethe-University Frankfurt"
"Sherman A. Lee","Department of Psychology, Christopher Newport University"
"James Bowen","University of North Carolina at Charlotte"
"Anne-Kathrin Mayer","Leibniz Institute for Psychology Information"
"Noor Kassim","International Islamic University Malaysia"
"Jaimie F. Veale","School of Psychology, Te Kura Kete Aronui: Faculty of Arts and Social SciencesTe Whare Wananga o Waikato: The University of WaikatoHamiltonNew Zealand"
"Serkan Deveci","Department of Urology, Memorial Sloan Kettering Cancer Center, New York, NY, USA  Department of Urology, Medical School of Acibadem University, Istanbul, Turkey"
"Jimmy B. Beck,","Department of Pediatrics, University of Washington, Seattle, Washington"
"YOUSOFI ALI","ACECR RESEARCH CENTER FOR TOURISM"
"Pablo Vallejo-Medina","Fundación Universitaria Konrad Lorenz"
"Sarah L. Appleton","University of Adelaide"
"F. Bellissimo Rodrigues","University of Geneva Hospitals and Faculty of Medicine"
"B O Olley","Psychology, University of lbadan,lbadan,Nigeria"
"Kathy Phipps","None"
"Claudia Diehl","Universität Konstanz, Fachbereich Geschichte und Soziologie"
"Isabelle Stadelmann-Steffen","University of Bern"
"Esther Vega Gea","Universidad de Sevilla"
"Jing Zhang","San Jose State University"
"Alison Oates","College of Kinesiology"
"Chao Li","Chongqing Key Laboratory of Computational IntelligenceChongqing University of Posts and Telecommunications"
"Claude Scheuer","Institute for Applied Educational  Sciences"
"David Gefen","Drexel University"
"Anders Molander","Oslo and Akershus University College"
"María B. Becerra","Instituto Tecnológico de San Juan del Río"
"Avidit Acharya","Cambridge University"
"Chloë FitzGerald","Faculty of Medicine University of Geneva"
"Samuel Smith","Queen Mary University"
"Petra Dickel","University of Kiel, Institute for Innovation Research, Westring 425, 24118 Kiel, Germany"
"Siobhan McMahon","University of Minnesota"
"ULF LIEBE","University of Bern"
"Shalki Choudhary","Molecular Modelling Lab (MML), Department of Pharmaceutical Sciences and Drug research, Punjabi University, Patiala, Punjab, 147002, India"
"Daniel Pascual","University of Santiago de Compostela"
"Abdullah Mamun","Jessore University of Science & Technology"
"PÉTER BALOGH","University of Szeged"
"Megan R. Crawford","Corresponding author at: Rush University Medical Center, 1653 W. Congress Parkway, Chicago, IL 60612-3833, United States."
"Kie Zuraw","Linguistic Society of America"
"Pascal Meier","Universität Osnabrück"
"Dan Su","University of Wisconsin"
"Daniel O'Donnell","Michigan State University"
"RIDOLFI LIVIA","A Factorial Survey Design. Speech presented at: 29th Annual Conference of the Human Behavior and Evolution Society, Boise ID, Usa."
"Joshua Thorpe","Corporal Michael J. Crescenz VA Medical Center"
"Pierrick Haffray","SYSAAF, LPGP, Campus de Beaulieu, F-35042 Rennes, France"
"Rodrigo Junqueira Leão","Brazilian Synchrotron Light Laboratory"
"Laura Beskow","Duke University School of Medicine"
"Lauren Barnett","Keele University"
"Yu Li","Advanced Digital Sciences Center, Singapore"
"Suzanne E Reich","School of Social Science , University of Queensland,St.Lucia,Australia"
"Subir Ghosh","University of California, Riverside, USA"
"Lynne M. Gordon","University of Washington"
"Alemayehu Argaw","Jimma University"
"Sophie Laforest","Université de Montréal"
"Dexin Shi","University of Oklahoma"
"{} J.Wenger","Florida State University"
"Gregory Porumbescu","Rutgers University Newark"
"Mehdi Srifi","Mohammed V University"
"Jordan Barlow","University of St. Thomas"
"Alexander Tsai","Mbarara University of Science and Technology"
"Susana Ivonne Aguirre Vázquez","Autonomous University of Chihuahua"
"Elizabeth MacDougall","Hood College, Frederick, Maryland, USA"
"Sarah Schäfer","Saarland University"
"A.L.S. Rocha1","Universidade Federal Rural do Semi-Árido (CMPF), 59.900-970, Pau dos Ferros – RN, Brasil"
"Ghazaleh Abedi","Department of Chemistry, Faculty of Physics & Chemistry, Alzahra University, Vanak, Tehran, Iran"
"Sverre Bergh","Vestfold Hospital Trust"
"Michael Mugavero","University of Alabama"
"Derek R MacFadden","Faculty of Medicine, University of Toronto, Toronto, Ontario, Canada"
"Ali Sagheer","University of Anbar"
"David Hughes","Human Mutation"
"Ken O’Day","Xcenda"
"Candice Garwood","Harper University Hospital, Detroit Medical Center & Wayne State University"
"Rosalind Raine","Department of Applied Health Research, UCL"
"Dinorah Garcia-Romero","Universidad Cooperativa de Colombia"
"Gianmarco Altoè","University of Padua"
"Anja S. Göritz","Institute of Psychology, University of Freiburg"
"Muddassar Farooq","Cryptography and Security"
"J. Megías Garrigós","General University Hospital of Alicante"
"S. Meera","Indian Institute of Tourism and Travel Management, Nellore, Andhra Pradesh, India"
"G.R.K. Sastry","Department of Mechanical Engineering, National Institute of Technology Agartala, Tripura 799046, India"
"Tharayil M Harish","Department of Psychiatry, Government Medical College, Kozhikode"
"Graça Carapinheiro","School of Sociology and Public Policies, ISCTE-Instituto Universitário de Lisboa, Av Forcas Armadas, 1649-026, Lisbon, Portugal"
"Takami Yasuda","Graduate School of Informatics Department of Social, Informatics Nagoya University, Nagoya, Japan"
"Joop Schippers","Utrecht University School of Governance"
"Philip Menard","University of South Alabama"
"Tenzin Wangmoa","Institute for Biomedical Ethics, University of Basel, Switzerland"
"Scott Klarenbach","University of Alberta"
"Caballer Antonio","Raquel National Association of Evolutionary and Educational Psychology of Children"
"Andrew Siegel","Argonne National Laboratory"
"Dong-Hui Jen","Department of Chinese Medicine, Chi-Mei Medical Center, No. 901, Chung Hwa Road, Yung Kung Dist, Tainan, 710, Taiwan"
"Ulemu Luhanga","School of Medicine, Emory University , Atlanta, GA, USA"
"Kisangiri Michael","Cornell University"
"Carmen Gómez-Berrocal","Mind, Brain, and Behavior Research Center (CIMCYC), Universidad de Granada, Spain"
"Giuliano Bonoli","Malmö Institute for Studies of Migration, Diversity and Welfare (MIM)"
"LM Sturzu","Lorraine University"
"Michela Cameletti","University of Bergamo, Italy"
"Lemuria Carter","Information Systems at Virginia Commonwealth University"
"John J. Dziak","The Methodology Center, The Pennsylvania State University"
"Meng Tang","Southeast University"
"Rodrigo A. Asún","University of Chile"
"VIVIAN W. Q. LOU","The University of Hong Kong."
"Jay Schulkin","Research Department, American College of Obstetricians & Gynecologists, Washington, District of Columbia"
"Shikha Kapoor","Scale Development and Factorial Analysis of Shared leadership  in the Context of Indian IT Sector, Amity University"
"Jung Shian Li","National Cheng Kung University"
"Unsal Sigri","Baskent University"
"Leah Tuzzio","Group Health Research Institute"
"Emily Erikson Erikson","Yale University"
"Valerie Luyckx","University of Zurich"
"Sutirtha Chatterjee","University of Nevada, Las Vegas"
"Kelvin Peh","University of Southampton"
"Julian Jamison","Global Insights Initiative, The World Bank, 1818 H St NW, Washington, DC, United States"
"I Boroujeni","College of Agriculture"
"Jeremy Grimshaw","Clinical Epidemiology Program, Ottawa Hospital Research Institute, Ottawa, Canada Department of Medicine, University of Ottawa, Ottawa, Canada"
"Mônica Martins","Escola Nacional de Saúde Pública Sergio Arouca, Fundação Oswaldo Cruz, Rio de Janeiro, Brasil."
"Matthias Holenstein","Risk Dialogue Foundation"
"Claudio Thieme","Universidad Diego Portales"
"Gary Canivez","Eastern Illinois University"
"Daniel L. Villeneuve","U.S. EPA, Mid-Continent Ecology Division, 6201 Congdon Boulevard, Duluth, Minnesota 55804, United States"
"Donna Fitzsimons","Head of School of Nursing and Midwifery, Queen’s University, Belfast, Northern Ireland, United Kingdom; and All Ireland Institute of Hospice & Palliative Care, Dublin, Ireland."
"Allan Peterson","University of Nebrska-Lincoln"
"Peter Bentler","University of California"
"N. de Castro Leandro","Public university"
"Andy McEwen","Department of Behavioural Science and Health, University College London, Gower Street, London, WC1E 6BT, UK"
"JOHN STEPHENSON","University of Huddersfield"
"Rosendo Rodriguez","From the Department of Medicine (M.C.F.S., R.R.) and Division of Neurology (M.C.F.S.), and School of Public Health, Preventive Medicine and Epidemiology (M.C.F.S., M.P.), University of Ottawa, Ontario, Canada; Ottawa Hospital Research Institute, Ottawa, Ontario, Canada (M.C.F.S., R.R.); Department of Neurology, University of California San Francisco (K.M., A.S.K.); and Department of History (F.W.S.), Department of Community Health Sciences (F.W.S., E.E.S.), and Department of Clinical Neurosciences (E.E.S.), University of Calgary, Alberta, Canada."
"Hermann Faller","Department of Medical Psychology and Psychotherapy, Medical Sociology and Rehabilitation Sciences, University of Würzburg, Klinikstrasse 3, 97070, Würzburg, Germany"
"Niels Hansen","University of Copenhagen"
"César González-Blanch","University Hospital “Marqués de Valdecilla”"
"Mohammad Karamouzian","School of Population and Public Health, Faculty of Medicine, University of British Columbia, Vancouver, BC, Canada."
"Sergiu Ivanov","Faculty of Medicine of Grenoble"
"Carmen Cecilia","University of Magdalena"
"Matthias Greiff","Management, Micro-Economics"
"Rebeca Aritio-Solana","Universidad de La Rioja"
"Marilyn Milovich","Missouri Valley College"
"Nilufer Subasi Tekintas","Marmara University"
"Tauha Ali","Mehran University of Engineering & Technology"
"Vimal Shenoy","Northeast Ohio Medical University"
"Elena Gorinova","International Laboratory of Social and Cultural Researchings, National Research University “Higher School of Economics”"
"Anthony Igboanugo, A.C.","University of Benin"
"Ku Aziliah Ku Mahamad","Universiti Teknologi MARA"
"A Ranta","University of Otago"
"Mark Kotter","University of Cambridge"
"José Espada","Universidad Miguel Hernández"
"Mark D. Griffiths","Department of Psychology, Nottingham Trent University, Nottingham,UK"
"KM Sudhir","Narayana Dental College and Hospital, Nellore, Andhra Pradesh, India"
"Ana Lucia-Casademunt","Universidad Loyola Andalucía"
"Dustin Gibson","Johns Hopkins Bloomberg School of Public Health"
"Mohammad Jahanmiri","Islamic Azad University"
"Colin M Dayan","University of Bristol"
"Lawrence I.G","Department of Food Technology, The Federal Polytechnic, Offa, Ogun State, Nigeria."
"Andrew McGrath","Saint Louis University"
"Pedro Veiga","Research Unit in Business Sciences – NECE, University of Beira Interior, Covilhã, Portugal"
"Holly O Witteman","Laval University, Quebec City, QC, Canada"
"Annette Jäckle","University of Essex"
"Natasha C. Johnson","School of Social Work and Department of Psychology, University of Michigan"
"Jane Wang","Regenstrief Institute"
"Silke Schmidt","University Greifswald"
"Line Guénette","1Faculty of Pharmacy, Laval University, Quebec City, QC, Canada2Population Health and Optimal Health Practices Research Unit, CHU de Québec - Université Laval Research Centre, Quebec City, QC, Canada3Chair on adherence to treatments, Laval University, Quebec City, QC, Canada"
"Loredana Sasso","University of Genoa"
"Puja Sravanthi","Vignan Pharmacy College"
"Xiaoguang Yang","Chinese Center for Disease Control and Prevention"
"B. Babu","RV College of Engineering"
"K. Kolar Stephanie","Johns Hopkins University Press"
"Frederick L.Altice","University Malaya, Centre of Excellence for Research in AIDS (CERiA), Kuala Lumpur, Malaysia"
"Olga Perski","University College London"
"Yousef Mahdavi","Dr. Ambedkar Government Arts College"
"Shirley Rietdyk","Department of Health and Kinesiology, Purdue University"
"Mor Naaman","Stanford University"
"Maria Nunes","Portuguese Institute for the Sea and Atmosphere (IPMA)"
"Mehdi Zare","Medicinal and Natural Products Chemistry Research Center (MNCRC), Shiraz University of Medical Sciences, Shiraz, Iran"
"S.J. Haslett","Institute of Fundamental Sciences - Statistics, College of Sciences Massey University Palmerston North New Zealand"
"Richard Sawatzky","Trinity Western University"
"Tieqiao Liu","Central South University"
"Ferry Koster","TIAS School for Business and Society, Tilburg"
"Lim Yeong","University Tunku Abdul Rahman"
"Yew-Soon Ong","Nanyang Technological University"
"Michael K. Paasche-Orlow","Boston Medical Center"
"Jordi Tamayo","National Library of Spain"
"Paulo Sampaio","University of Minho"
"Jorge E. Esteves","Instituto Piaget, VN Gaia School of Health Care"
"Dirk Baier","Zurich University of Applied Sciences, Switzerland"
"Reddy Sasiragha Priscilla","University of Western Cape"
"Nathalie Bier","Université de Montréal"
"Damla Gökşen","Ege University"
"Paula A Misiewicz","American Society of Agricultural and Biological Engineers"
"Mike Huang","University of California"
"GOMATHI SHAMUGANATHAN","HELP University"
"Alain Lacroux","University of Toulon"
"François Bavaud","University of Lausanne"
"Joseph Pfaller","The University of Iowa"
"Bai-Chen Xie","College of Management and Economics, Tianjin University, Tianjin 300072, China APEC Sustainable Energy Center, Tianjin University, Tianjin 300072, China"
"Shitong Wang","School of Digital Media, Jiangnan University, Wuxi, Jiangsu, PR China"
"Margaret Sheridan","University of North Carolina at Chapel Hill, Clinical Psychology, United States"
"Jonas Pontusson","University of Geneva"
"Peter Goos","The Implementation of Social Policy: A Factorial Survey Approach,"" Working Papers 1706, Herman Deleeck Centre for Social Policy, University of Antwerp."
"Mitch Blair","Imperial College of Science, Technology and Medicine"
"Juan Marin","Universitat Politècnica de Catalunya"
"J. Sharman","University of Cambridge"
"Gregg G Van Ryzin","Rutgers University, Newark"
"John Dziak","The Pennsylvania State University"
"Rosemary Purcell","University of Melbourne"
"Gihan Abeywardena","Teaching Hospital-Kandy"
"Loreto Martínez","Universidad Católica de Chile"
"Rosario Ortega-Ruiz","Universidad de Córdoba"
"Gonzalo Ruiz-Sánchez","Universidad a Distancia de Madrid"
"E. G. Prilepkina","Far Eastern Federal University and Institute of Applied Mathematics of the FEBRAS, Vladivostok, Russia"
"Edward McAuley","University of Illinois at Urbana-Champaign"
"Truc Thai","Ho Chi Minh City University of Medicine and Pharmacy"
"Barton Moffatt","Mississippi State University"
"Larissa Rabbiosi","ESCP"
"Choobchian Shahlla","Tarbiat Modares University"
"Sebastian Spaeth","University of Hamburg"
"Zuo, Jing","Reflections on Professional Ethics Education in College Journalism"
"Thomas Hinz","University of KonstanzKonstanzGermany"
"Rajiv Ranjan","School of Computer Science, Newcastle University, Newcastle Upon Tyne, United Kingdom"
"Bharti Dua","Department of Prosthodontics, Inderprastha Dental College, Ghaziabad, U.P."
"Frank Hänsel","Institute of Sport Sciences,  Technical University Darmstadt"
"Noyes Harrigan","WK Dickson & Co., Inc"
"Ratnawati Ashraf","International Islamic University Malaysia"
"John Mulhall","Department of Urology, Memorial Sloan Kettering Cancer Center, New York, NY, USA"
"Caitlin McGrath,","Department of Pediatrics, University of Washington, Seattle, Washington"
"RAZAVIZADEH NEDA","ACECR RESEARCH CENTER FOR TOURISM"
"Alexandra Morales","Universidad Miguel Hernández"
"Robert J. Adams","University of Adelaide"
"D. Pittet","University of Geneva Hospitals and Faculty of Medicine"
"A Ishola","Psychology, University of lbadan,lbadan,Nigeria"
"Pedro M. Arezes","University of Minho"
"Katrin Auspurg","Universität Konstanz, Fachbereich Geschichte und, Goethe-University Frankfurt"
"Clau Dermont","University of Zurich"
"Virginia Sánchez Jiménez","Universidad de Sevilla"
"En Mao","Nicholls State University"
"Kathryn Sibley","University of Manitoba"
"Jian-Xun Mi","Chongqing Key Laboratory of Computational IntelligenceChongqing University of Posts and Telecommunications, Laboratory of Machine Intelligence and Advanced Computing (Sun Yat-sen University), Ministry of Education"
"Kai Larsen","University of Colorado, Boulder"
"Arturo Hernández","Universidad Politécnica de Querétaro"
"Maya Sen","Cambridge University"
"Samia Hurst","Faculty of Medicine University of Geneva"
"Jack Cuzick","Queen Mary University"
"Peter Graeff","University of Kiel, Institute of Social Sciences, Westring 400, 24118 Kiel, Germany"
"Alexander Rothman","University of Minnesota"
"ANNA BARTCZAK","University of Warsaw"
"Om Silakari","Molecular Modelling Lab (MML), Department of Pharmaceutical Sciences and Drug research, Punjabi University, Patiala, Punjab, 147002, India"
"Biplob Das","Khulna Medical College"
"Jason C. Ong","Rush University Medical Center, 1653 W. Congress Parkway, Chicago, IL 60612-3833, United States"
"Erlanger A. Turner","Department of Social SciencesUniversity of Houston – DowntownHoustonUSA"
"Frank Teuteberg","Universität Osnabrück"
"Peter Steiner","University of Wisconsin"
"Elena Litchman","Michigan State University"
"PISATI MAURIZIO","A Factorial Survey Design. Speech presented at: 29th Annual Conference of the Human Behavior and Evolution Society, Boise ID, Usa."
"Mary Ersek","University of Pennsylvania School of Nursing, Philadelphia"
"Marc Vandeputte","GABI, INRA, AgroParisTech, Université Paris-Saclay, F-78350 Jouy-en-Josas, France"
"Jorge Luiz Alves Trabanco","State University of Campinas"
"Emily Gao","Duke University School of Medicine"
"Krysia Dziedzic","Keele University"
"Robby Tan","Yale-NUS College and National University of Singapore, Singapore"
"Shrabanti Chowdhury","University of California, Riverside, USA"
"Karen H. Albritton","Dana-Farber Cancer Institute"
"Lieven Huybregts","International Food Policy Research Institue"
"Lori A. Snyder","University of Oklahoma"
"M  Rhoten Erin","Florida State University"
"Greta Nasi","Bocconi University"
"Salma Mouline","Mohammed V University"
"Alan Dennis","Indiana University"
"David Bangsberg","Mbarara University of Science and Technology"
"Fernando Mondaca Fernández","Autonomous University of Chihuahua"
"Ingrid Farreras","Hood College, Frederick, Maryland, USA"
"Volker Köllner","Universitätsmedizin Berlin"
"A.T.P. Gonçalves","Universidade Federal do Rio Grande do Note (PPGA), 59.078-970, Natal – RN, Brasi"
"Faezeh Jamechenarboo","Department of Phytochemistry, Medicinal Plant and Drug Research Institute, Shahid Beheshti University, Evin, Tehran, Iran"
"Lynn Gordon","University of Washington, Seattle"
"Thanh Trung Le","GIPSA-lab 11 rue des Mathématiques"
"Daniel Oesch","Universite de Lausanne"
"Boris Freidlin","National Cancer Institute"
"Megan Denver","College of Criminology and Criminal Justice at Florida State University."
"Michael Pirson","Fordham University"
"Pascale Simons","Maastricht University Medical Center"
"Alvin Tay","University of New South WalesSydneyAustralia"
"Maddalena Boccia","Sapienza” University of RomeRomeItaly"
"Dilshani Sarathchandra","University of Idaho"
"Karen Albritton","Dana-Farber Cancer Institute"
"Florent Chatelain","GIPSA-lab 11 rue des Mathématiques"
"Patrick McDonald","Universite de Lausanne"
"Edward Korn","National Cancer Institute"
"Shawn D. Bushway","Rockefeller College of Public Affairs and Policy at the University at Albany, SUNY"
"Kirsten Martin","George Washington University"
"Ruud Houben","Maastricht University Medical Center"
"Derrick Silove","The Ingham Institute,Australia"
"Federico Nemmi","Karolinska InstituteStockholmSweden"
"Mark Navinb","Oakland University"
"Sebastian Bähra","Chair of Sociology and Empirical Social Research – Sociology of the Labour Market, Department of Business and Economics, University of Erlangen-Nuremberg, Findelgasse 7/9, D-90402 Nuremberg, Germany"
"Heiko Beyer","Institute for the Social Sciences, Heinrich Heine University Düsseldorf, Germany"
"Hermann Dülmer","Institute of Sociology and Social Psychology, University of Cologne, Köln, Germany"
"Michael D. Reisig","School of Criminology and Criminal JusticeArizona State UniversityPhoenixUSA"
"Martin Abraham","Research Department – Panel Study “Labour Market and Social Security”, Institute for Employment Research (IAB) of the Federal Employment Agency (BA), Regensburger Strasse 104, D-90478 Nuremberg, Germany"
"Annette Schnabel","Institute for the Social Sciences, Heinrich Heine University Düsseldorf, Germany"
"Cody W. Telep","School of Criminology and Criminal JusticeArizona State UniversityPhoenixUSA"
