name,institution,delete
John L. Worrall,University of Texas,
Changrong Yuan,Second Military Medical Universit,
V. V. Monikandan AUTHOR,Department of Mechanical Engineering,
Dr Jean Joel R Bigna,University of Yaoundé 1,
Carmen Vives Cases,Universidad de Alicante,
Tomasz Rowiński,Cardinal Stefan Wyszyński University,
Maranda McBride,North Carolina Agricultural and Technical State University,
Argentina Maciel,Universidad Anáhuac,
Ee-Yuee CHAN,Tan Tock Seng Hospital | ttsh · Nursing,
Katrin Auspurg,University of Konstanz,x
Rachel Davis,University of Oxford,x
Carlos Albuquerque,Instituto Politécnico de Viseu,
Loreena Hill,"Institute of Nursing Research, University of Ulster, Jordanstown Campus,",
Eva González Ortega,Universidad de Salamanca (Spain),
BF Damásio,"Universidade Federal do Rio de Janeiro, Rio de Janeiro",
Carsten Sauer,Radboud Universiteit Nijmegen,x
Gabriele Gianini,"EBTIC Center, Khalifa University, Abu Dhabi (UAE)",
Bjorn Andernach,University of Bielefeld,
Linda L. Caldwell,The Pennsylvania State University,
Corinna Frodermann,Universität Konstanz,x
Mara Bria,"Psychology Department, Babeş – Bolyai University Cluj-Napoca, Romania",
Theodora Kandri,University General Hospital of Larissa,
Scott Clifford,University of Houston,
John Carpenter,University of Bristol,
Jenny Setchell,"School of Psychology, The University of Queensland, Australia",
S. Michael Putman,"University of North Carolina at Charlotte, USA",
MEHDI MOMENI,University of Isfahan,
Bryan Byers,Ball State University,
Kseniia Gatskova,Osteuropa-Institut Regensburg,
Kirsten N. Corazzini,Duke University,x
R. Carrera-Cerritos,"Departamento de Ingeniería Química, Universidad de Guanajuato",
González Ortega E,Universidad de Salamanca.,
Martin Diewald,Bielefeld University,
Campbell Killick,"Campbell Killick is a Research Officer with the South Eastern Health and Social Care Trust, Northern Ireland. Brian Taylor is Senior Lecturer in Social Work at the University of Ulster, Northern Ireland.",
Michiru Nagatsu,"University of Helsinki, Finland",
Catherine Norrish,"Oman Medical College, Sohar, Oman",
Jamie Wolff,University of British Columbia,
Omar Guezoul,"Department of Agronomical Sciences, Faculty of Nature and Life Sciences and Sciences of Earth and Universe, University of Kasdi Merbah, 30000 Ouargla, Algeria",
H Nasfi,Université de Montpellier,
Janice Rattray,University of Dundee,
Rollin Nagel,Ohio State University College of Medicine,
Carlos Albuquerque,Instituto Politécnico de Viseu,x
Stephen Short,"Department of Psychology, University of Kansas, 1415 Jawyhawk Blvd, Lawrence, KS, 66045, USA",
Claire Falandry,"Département de Gériatrie, Centre Hospitalier Lyon Sud, 165 chemin du Grand Revoyet, 69495 Pierre-Bénite Cedex, France",
Jayati Das‐Munshi,"Section of Epidemiology, PO Box 60, Department of Health Service and Population Research, Institute of Psychiatry, King's College London, De Crespigny Park, London SE5 8AF, UK",
Kirsten N. Corazzini,Duke University School of Nursing,x
Carsten Sauer,Bielefeld University,x
Martin Abraham,Friedrich-Alexander-Universität Erlangen-Nürnberg,x
James Cole,Indiana University,
Pablo Vallejo-Medina,"Facultad de Psicología, Fundación Universitaria Konrad Lorenz, Bogotá, Colombia",
Campbell Killick,"South Eastern Health and Social Care Trust, Northern Ireland",x
Bilyana B. Yordanova,South-West University,
Achim Goerres,University of Duisburg-Essen,x
Kirsten N. Corazzini,Duke University School of Nursing,x
Therese Jefferson,Curtin University of Technology,
Omar Guezoul,Université Kasdi Merbah Ouargla,x
Pablo Vallejo-Medina,Fundación Universitaria Konrad Lorenz,x
Jagdish Srivastava,Colorado State University,
Kirsten N. Corazzini,Duke University School of Nursing,
Eric Teman,University of Northern Colorado,
Agnes Jasinska,"Neuroimaging Research Branch, National Institute on Drug Abuse, Intramural Research Program, Baltimore",
Campbell Killick,South Eastern Health and Social Care Trust,x
Paul Baginski,Fairfield University,
In Sook Lee,Seoul National University,
CLAIRE FALANDRY,"Department of Geriatrics, Centre Hospitalier Lyon Sud, Pierre-Bénite, France",x
Muhammad Abdulkarim,Universiti Teknologi PETRONAS,
Wenqi Mok,"Khoo Teck Puat Hospital, Singapore 768828, Singapore",
David Schwappach,University of Bern,x
Lucas Torres,Ecole doctorale Gay Lussac,
Javier Baluja,University of La Rioja,
Merrill Warkentin,Mississippi State University,x
Philip Menard,Mississippi State University Mississippi State,x
Mohd Fadzli Mohamad Isa,-,x
Xiang Xie,Xinjiang Medical University,x
Laura Burton,"University of Connecticut, Storrs, CT",
Philip MenardMississippi,State University Mississippi State,x
Blanca Rosa García Rivera,Universidad Autónoma de Baja California,
Lisa Wallander,"School of Social Work, Lund University, Stockholm University",
Judith Oller,University of Girona,
Meike Müller-Engelmann,University of Marburg,
David Frederick,Chapman UniversitY,
Xiang Xie,First Affiliated Hospital of Xinjiang Medical University,
Mireia Orgilés,Miguel Hernández University of Elche,x
Jacqueline Stokes,College of New Caledonia,x
Sunil Gupta,"Center for Pattern Recognition and Data Analytics (PRaDA), Deakin University, VIC 3216, Australia",
"Hron, Jan",Czech University,
M. Mostafa Zaman,"Division of NCD, World Health Organization",
Bruno Schivinski,"Faculty of Management and Economics, Department of Marketing, Gdansk University of Technology",
Caroline Bradbury-Jones,"School of Nursing Reader in Nursing, Dundee University, SVOTLAND",
Anne Collins McLaughlin,North Carolina State University,
Zehavit Gross,"School of Education, Bar- Ilan University, Israel",
Nicolas Bourgeois,SAMM - Université Paris,
Jingyuan Shi,"Nanyang Technological University, Singapore",
Scott Chapman,Trinity University,x
GolBahar Samiei,Islamic Azad University,
Els Waegeneer,Department of Movement and Sports Sciences,
"Richard , Ayamaha","St. Joseph’s College of Education,",
S. F. Chao,University of Albany,
Anthony R. Artino,University of the Health Sciences,
Michael Furlong,"University of California, Santa Barbara",
Guy Enosh,"Myers-JDC-Brookdale Institute, Jerusalem, Israel, University of Haifa",
Liang Ting Tsai,National Taichung University of Education,
Ionescu Daniela,West University of Timisoara Publishing House,
Lisa Wallander,Stockholm University,x
Ramazan Tilaki1,"Department of Environmental Health Engineering, Faculty of Health, Health Sciences Research Center, Mazandaran University of Medical Sciences, Sari, Iran",
Job Dubihlela,Vaal University of Technology,
Cecilia Fagerström,Blekinge Institute of Technology,
Cristinel Mortici,Valahia University of Targoviste,x
Renato Miguel Carmo,Lisbon University Institute,
Lisa Wallander,LUND UNIVERSITY,x
Yasmin Ismail,"Bristol Heart Institute, University Hospitals Bristol NHS Foundation Trust, Bristol Royal Infirmary",
Michio Yamamoto,Kyoto University Graduate School of Medicine,
Eduardo Paiva,"School of Engineering of Lorena, University of São Paulo",
Cecilia Pace,Università degli Studi di Genova,
Lisa Wallander,Lund University,x
RS Piccolo,"New UK Research Institutes, Watertown, USA",
Marianna Fontana,Imperial College London,
Joan Boada-Grau,Rovira i Virgili University,
Aigbavboa C.O.,"University of Johannesburg, Johannesburg, South Africa",
Mareike Reimann,University of Bielefeld,
Victor Kuete,"University of Mainz,Germany",
Annie Robitaille,University of Victoria,
Nathalie Steinhauer,University of Maryland,
Rachel Davis,IMPERIAL COLLEGE LONDON,x
George G. Bear,University of Delaware,
Reid Bates,Louisiana State University,
Solange Wechsler,Universidade Católica de Campinas,
Justus J. Randolph,Mercer University,
Rachel Davis,Imperial College London,x
David Wyrick,University of North Carolina at Greensboro,
Mengcheng Wang,Central South University,
Barbara Loera,University of Turin,
Chandra Mundon,University of  Oregon,
Chizuko Wakabayashi,"Department of Basic Medical Sciences, School of Health Sciences, Gunma University, Maebashi, Gunma, Japan",
Richard Pak,Clemson University,
Fariba Behnamfar,"Depatment of Obstetrics and Gynecology, School of Medicine, Isfahan University of Medical Sciences, Isfahan, Iran",
Jordan B. Barlow,Kelley School of Business,
Hans J.C.T. Wessels,Nijmegen Centre for Mitochondrial Disorders,
Thomas Arx,University of Bern,
Agustín Silberberg,Austral University,
Mikael Persson,University of Gothenburg,
Ibtissam Sabbah,"Lebanese University, Saida, Lebanon",
Fuad Ahmad Hazime,Universidade Federal do Piauí – UFPI,
Jae Kim,Iowa State University,
Guy Enosh,University of Haifa,x
Eva Samuelsson,"Stockholm University, Stockholm, Sweden",
Gerald Albaum,"(Anderson School of Management, University of New Mexico, Albuquerque, New Mexico, USA)",
Francis G. Caro,"University of Massachusetts Boston, Boston, MA, USA",
Yourhee Jeon,"College of Medicine, Hanyang University, Seoul, Korea",
Eva Samuelsson,"Stockholm University, Stockholm, Sweden",x
Merrill Warkentin,Mississippi State University,x
Therese Jefferson,Curtin University,x
Kathleen Wyne,The Ohio State University,
SaveenN. Semage,"Department of Public Health Sri Lanka Army Medical Services Colombo Sri Lanka ; Centre for Health Policy, Program and Economics Melbourne School of Population Health, University of Melbourne Australia,saveen70@yahoo.com",
Fuad Hazime,Universidade Federal do Piauí,
Stephen Lawoko,Karolinska Institute,x
Shannon Sahlqvist,"Institute of Public Health, Cambridge UK",
Jiaquan Fan,Mayo Clinic,
Biljana Stojanović,Department of Drug AnalysisUniversity of BelgradeBelgradeSerbia,
Thomas von Arx,University of Bern,
Philip Vernon,University of Calgary,
Huajuan Chen,Cambridge University,
Elzette M. Keenan,North-West University,
Peter Sarlin,Goethe University Frankfurt,
Jae kwang Kim,Iowa State University,
Carmen Viejo,University of Cordoba (Spain),
Merrill Wardentin,Professor of MIS,
Yoo Jang,Wonkwang University,
Benjamin Friedman,Albert Einstein College of Medicine,
Dafnis Coudounaris,Luleå University of Technology,
Eva Ortega,University of Salamanca,
Benjamin W Friedman,Albert Einstein College of Medicine,
Heide Glaesmer,University of Leipzig,
Adam Carle,"Department of Pediatrics, University of Cincinnati School of Medicine, Department of Psychology, University of Cincinnati College of Arts and Sciences, James M. Anderson Center for Health Systems Excellence Cincinnati Children’s Hospital and Medical Center",
Daniela Riso,University of Padova,
Darius B Dawson,"San Diego State University, USA",
Silvia Montecolle,Socio-demographic and Environmental Statistics Directorate,
J. ASANTEY,Standard Chartered Bank Ghana,
Nancy Gordon,"Division of Research, Kaiser Permanente Medical Care Program",
Tian Hong Zhang,Shanghai Jiaotong University,
Chuang Wang,"University of North Carolina at Charlotte, NC, USA",
Darius B Dawson,Dawson,x
Fernando Galán,University of Seville,
Julien Jacques,Université Lille 1 and Inria Lille-Nord Europe,
Pérez Gómez,"Pontificia Universidad Javeriana, Faculty of Medicine, Master in Clinical Epidemiology",
Gehan A.G. ELMENOFI,Agriculture Extension and Rural Development Research Institute,
Chin Khian Yong,University Tunku Abdul Rahman,x
Mourad Oubrich,University of South Florida - Muma College of Business,
Nicolas Gillet,François Rabelais University,
V. Mészáros,"Institute of Psychology, university Budapest, Hungary",
Valentina Di Stasio,University of Amsterdam,x
Tian Zhang,"Shanghai Mental Health Center, Shanghai Jiaotong University School of Medicine, Shanghai 200030, PR China",
Luca Iani,Department of Human SciencesEuropean University of RomeRomeItaly,
Lars-Erik Aas,Norwegian University of Science and Technology,
Chuan Hsiung Ping,National Taiwan University,
Katrin Auspurg,Goethe-Universität Frankfurt,x
Martin Abraham Abraham,"Friedrich-Alexander-University of Erlangen-Nürnberg, ",x
Matthew Witry,"University of Iowa College of Pharmacy, Iowa City, USA",
Dale Willits,California State University,x
Bass Brock,CLEMSON UNIVERSITY,
Eldad Davidov,Institute of Sociology at the University of Zurich,
Yoshiyuki Matsumura,Yoshiyuki Matsumura Photography,
Ebrahim Alwashali,Laboratory of Biodiversity and Natural Resources,
Maria Brenner,University of College Dublin,
Elie Akl,State University of New York at Buffalo,
Shobha Gawri,"GD Rungta College of Science & Technology, Bhilai 490024, Chhattisgarh, India",
Harries Priscilla,Brunel University,
Brock Bass,Clemson University,x
Eva Samuelsson,Stockholm University,x
Christine Horne,"Washington State University, United States",
Tianhang Long,"Shanghai Mental Health Center, Shanghai Jiaotong University School of Medicine, Shanghai 200030, PR China",
Li Linlin,Zhengzhou,x
Jens Hainmueller,Stanford University,
Dirk Van Dierendonck,"Rotterdam School of Management, Erasmus UniversityErasmus University RotterdamRotterdamThe Netherlands",
Sangshin Park,"Department of Veterinary Integrative Biosciences, College of Veterinary Medicine and Biomedical Sciences, Texas 6 A&M University, College Station, TX 77843; Center for International Health Research, Rhode Island Hospital, The Warren Alpert Medical School of Brown 8 University, Providence, RI 02903",
Li Linlin,Zhengzhou University,
M Böckermann,PsycARTICLES,
Hiremath P. S.,Gulbarga University,
Frieder R. Lang,University of Erlangen-Nuremberg,
Maranda McBride,North Carolina A&T State University,x
Qasem Mamun Ali Naji,Aligarh Muslim University,
Marwa S. Elazazy,"Department of Chemistry and Earth Sciences, College of Arts and Sciences, Qatar University, P.O.Box 2713, Qatar",
"Stefan , Liebig",Bielefeld University,
Chin Khian Yong,Universiti Tunku Abdul Rahman,
John McKinlay,"New England Research Institutes (NERI) and Division of Medicine, Massachusetts General Hospital, Harvard Medical School",
R. BOSE,"Colorado State University, Fort Collins",
Valentina Di Stasio,University of Amsterdam,
Rhoda Wanyenze,"Department of Disease Control and Environmental Health, Makerere University School of Public Health, Kampala, Uganda",
Linda Rossi-Semerano,"Department of Paediatric Rheumatology, Hôpital de Bicêtre, APHP, National Reference Centre for Auto-inflammatory Diseases, Le Kremlin-Bicêtre, University of Paris Sud, CHU de Bicêtre. 78 Rue du Général Leclerc, 94270, Le Kremlin, Bicêtre, France",
Shobha Gawri,"GD Rungta College of Science & Technology, Bhilai 490024, Chhattisgarh, India",x
John B. McKinlay,New England Research Institutes,x
John B. McKinlay,Harvard Medical School,x
Sonia Lewycka,"Institute for Global Health, University College London, London, UK",
Annette M. La Greca,"University of Miami, Coral Gables, FL, USA",
Olivares Faúndez,Pontificia Universidad Javeriana,
Amy Tegeler,Humboldt State University,
Yannick Morvan,"Université Paris Descartes, Faculté de Médecine Paris Descartes, Centre Hospitalier Sainte-Anne, Paris, France",
Ashley Waters,Auburn University,
Spencer C. Evans,University of Kansas,
Tyge-F. Kummer,"Humboldt-Universität zu Berlin, Institute of Information Systems, Spandauer Strasse 1, 10178 Berlin, Germany",
Manuel Moreno,Universidad de Guadalajara,
Sebastian Sattler,"Faculty of Sociology, Bielefeld University, Bielefeld, Germany, Institute of Psychology, University of Freiburg, Freiburg, Germany, University of Cologne",
Lorena Remuzgo,University of Cantabria,
Filip Raes,Department of Psychology University of Leuvan Tiensestraat,
Lisa W. Howley,University of Colorado at Denver,
John B. McKinlay,"Massachusetts General Hospital, Harvard Medical Schoo",
Simone Schelling,Royal College of Physicians,
Spencer Evans,University of Kansas,
Robert Crouch,University of Southampton,
Mohd Azri Mohd Suan,Clinical Research Center,
Avi Goldfarb,University of Toronto,
Anthony Braga,Rutgers University,
Daniel P. O'Connor,University of Houston,
Joanne E. Porter,Federation University,
Ulrich S. Tran,University of Vienna,
Kseniia Gatskova,Lady Stevenson Library,x
Anthony A. Braga,Rutgers University,
Jennifer McClure,"Group Health Research Institute, Seattle, WA, United States",
Jens Hainmueller,Stanford University,x
Noboru HAMADA,"Department of Mathematics, faculty of Science, Hiroshima University",
G. Logeshwari,"St. Joseph’s College of Engineering, Chennai, India",
John McKinlay,"New England Research Institutes (NERI), Watertown",x
KASIA KARPINSKA,"Cambridge University, Utrecht University,The Netherlands.",
Daniel Peralta,"University of Granada,Spain",
Sandra Nitz,"Biology Education, IPN - Leibniz Institute for Science and Mathematics EducationKielGermany",
Silvina Berra,National Research and Technology Council (CONICET),
Olga Geisel,Charité Medical University of Berlin,
Christine DiStefano,University of South Carolina,
Sandra Nitz,Humboldt-Universität zu Berlin,x
Steven A. Melnyk,Michigan State University,
Theodoros BEchrakis,"Panteion University of Political and Social Sciences, Hellenic Republic",
Toni Mc Aloon,"School of Nursing Faculty Of Life & Health Sciences, Ulster University",
Chin-Khian Yong,"Universiti Tunku Abdul Rahman, Malaysia",
Eduardo Fasce H.,Universidad de Concepción,
Pascale A.M. Simons,Hasselt University,
Daniel Peralta,University of Granada,x
Wakako Umene-Nakano,"Department of Psychiatry, University of Occupational and Environmental Health, Kitakyushu, Japan",
Jiaming Fang,University of Electronic Science and Technology of China,x
Celeste Condit,"Department of Speech Communication, University of Georgia",
Mike Fray,Loughborough University,
Jeremy Albright,University of Michigan Medical School,
Francisco Olvera,Andalusian Institute of Sexology and Psychology,
Juan S. Uribe,University of South Florida,
Corine Buers,"Utrecht University,The Netherlands.",
Cheryl Arndt,Capella University,
Pascale Simons,"Hasselt University, Faculty of Business Economics, Martelarenlaan 42, BE3500 Hasselt, Belgium",
Sebastian Sattler,"Faculty of Sociology, Bielefeld University, Bielefeld, Germany",x
Valerie Lewis,Harvard University,
Roberto Romi,"Department of Infectious, Parasitic and Immuno-mediated Diseases, Unit of Vector Borne Diseases",
Andrii Gorbachyk's,Taras Shevchenko National University of Kyiv,
M Brenner,University College Dublin,
Wanting Liu,Central South University,
Indumati B Deshmanya,"PDA College Engineering, Gulbarga",
Eugenio Zito,University of Naples Federico II,x
Katrin Auspurg,LMU Munich,x
Marilyn J. Coleman,University of Missouri,
Leonor Cordob,"Universidad de la sabana, Bogota, COlombia",
Jiaming Fang,"School of Management and Economics, University of Electronic Science and Technology of China, Chengdu, China.",
Marina Romeo,Universidad de Barcelona,
Krysia Dziedzic,Keele University,
Eugenio Zito,"University of Naples Federico II, Naples, Italy",
W Rössler,University Hospital of Psychiatry,
Hana Brborović,University of Zagreb,
Nathanael Cox,Massachusetts Institute of Technology.,
Flavia Ruggieri,Institute of Earth Sciences Jaume Almera,
Jinan C Banna,University of California,
Annie Franco,Stanford University,
Wilbert Sibanda,North-West University,
Katrin Auspurg,Goethe University,x
Wilbert Sibanda,North-West University,x
Hana Brborović,University of Zagreb,x
Heather Starnes,California Polytechnic State University,
Jafar Faraj,Hamad General Hospital,
Sukkyung You,Hankuk University of Foreign Studies,x
Kellie H Campbell,University of Chicago,
S. Kruphölter,Universität Bielefeld,
Abhinav Vasudevan,Monash University,
Nancy Maserejian,New England Research Institutes,
Sagar More,"Department of Electronics and Telecommunication, R.C.Patel Institute of Technology,Shirpur,Dist.Dhule.Maharashtra,India",
Jianru Zhao,China University of Geosciences Wuhan China,
Toni McAloon,School of Nursing,
Heather A Starnes,"Cal Poly State University San Luis Obispo, California",
Sagar More,R.C.Patel Institute of Technology,x
Joanna Huxster,"DREXEL UNIVERSITY, PHILADELPHIA",
Dorota Reis,Saarland University,
Michaela Haase,Freie Universität Berlin,
D.R Del Carmen,VII International Postharvest Symposium,
Sukkyung You,Hankuk University of Foreign Studies · College of Education,x
Steve Newell,"University of Florida, Department of Psychology",
Kathryn Starr,"University of Aberdeen, Scotland",
Kent Marett,"Mississippi State University, Mississippi, Mississippi, USA",
Justine Sheppard,Columbia University,
Dirk Heerwegh,"Katholieke Universiteit Leuven, Center for Sociological Research, Parkstraat 45 – bus 3601, 3000 Leuven, Belgium",
Shamila Nabi,Lahore School of Economics,
Kasia Karpinska,Utrecht University,x
Ng Guan,University Malaya,
Kaori Fujishiro,National Institute for Occupational Safety and Health,
Ana Costa-Machado,Universidade de São Paulo,
Tao Hong,American Society for Engineering Education,
Hamidreza Ferdowsi,"Institute of Scientific-Applied Higher Education of Jihad-e-Agriculture, Agricultural Research, Education and Extention Organization, Tehran, Iran",
Samuel M. Vance,SAINT LOUIS UNIVERSITY,x
Hamidreza Ferdowsi,Institute of Scientific-Applied Higher Education of Jihad-e-Agriculture,x
Jing Yu,"Institute of Neuroinformatics, Dalian University of Technology",
Shamila Khan,"Department of Business, Lahore School of Economics, Lahore, PAKISTAN",
Mario-Enrique Rendón-Macías,Instituto Mexicano del Seguro Social,
Bruce Frederick,Vera Institute of Justice,
Basha Vicar,Institute for Employment Research,
ZOU Xue-zhi,Zhejiang Sci-tech University,
Wolfgang Garn,University of Surrey,
Bruce Frederick,Vera Institute of Justice,x
Michael E.R. Nicholls,Flinders University,
Vadim Lozin,University of Warwick,x
Rahul Khanna,The University of Mississippi,
Matteo Bianchi,Swedish University of Agricultural Sciences,
Philip Batterham,"The Australian National University, Canberra",
IAN BRUNTON‐SMITH,University of Surrey,
A. Alexander Beaujean,Baylor University,
Vadim Lozin,"Centre for Discrete Mathematics and Its Applications (DIMAP), University of Warwick",
Chanchal Yadav,"CSE, Amity University Noida, Uttar Pradesh, India",
Boris Pasquier,Cornell University,
TANJA TYDÉN,"Uppsala University , Uppsala,  Sweden",
P. Raju B. Satyanarayana,GITAM University,
Michael McGinnis,Pennsylvania State University,
Christopher Gedeon,Arizona State University,
Georgina Charlesworth,"Research Department of Clinical, Educational, and Health Psychology, University College London",
David Eargle,University of Pittsburgh,
Olalla BAZ CORES,Centro de Investigación en Criminología. Universidad de Castilla-La Mancha Olalla.Baz@uclm.es,
A. Alexander Beaujean,Baylor University,x
Roy McConkey,Ulster University,
Adam C. Carle,"Assistant Professor of Pediatrics, University of Cincinnati School of Medicine",
Daniella Negroni,Aeronautics Institute of Technology,
Hanns-Ludwig Schmidt,"Technische Universität München, Freising-Weihenstephan, Germany",
Rati Saluja,"Mechanical Engineering Department, Goel Institute of Technology and Management, India",
G Rouxel,Centre de psychologie appliquée,
Shakil Momin,"Perioperative Physician Anaesthesiologist, Kolhapur, Maharashtra, India",
Herman Aguinis,Indiana University,
Peder Halvorsen,"Department of Community Medicine, UiT - The Arctic University of Norway, P.o. box 6050 Langnes, N-9037, Tromsø, Norway",
Nicole Glaser,"Department of Pediatrics, University of California Davis",
Mirka Soinikoski,"Department of Anesthesia, Intensive Care Medicine, Emergency Medicine and Pain Medicine, Turku University Hospital, Turku, Finland",
Deepsikha Sahu,"Faculty of Dental Sciences, SGT University",
Samuel M. Vance,Saint Louis University,
Rachel Smith,Pennsylvania State University,
Nicole S Glaser,University of California,
Samuel Vance,"Parks College of Engineering, Aviation and Technology, Saint Louis University",
Øyvind Dahl,"NTNU Social Research Ltd.,Loholt Alle 81,Trondheim 7491,Norway",
Lamia Moghnie,University of Michigan,
Jessica Collett,University of Notre Dame,
Teo Keipi,"Department of Social Research, University of Turku,",
Susanne Edler,Bielefeld University,
Saida P. Khan,Cambridge University,
Luís Manuel dos Santos Calmeiro,"University of Durham, UK",
Paul Spector,"University of South Florida, Department of Psychology",
Alan D. Dangour,London School of Hygiene & Tropical Medicine,x
Michael Naughton,"Department of Mechanical & Automobile Engineering, Limerick Institute of Technology, Moylish, Limerick, Ireland",
Alan D. Dangour,London School of Hygiene & Tropical Medicine,
Kirsten Martin,School of BusinessThe George Washington UniversityWashingtonUSA,
Solene Marry,"Université Paris Est, CSTB (Centre Scientifique et Technique du Bâtiment), 24 Avenue Joseph Fourier, Saint Martin d’Hères, France",
Carolina Jélvez Wilke,Estudiante de Psicología Universidad de las Américas sede Viña del Mar.,
Jol Stoffers,Zuyd University,x
Charlene Treanor,Queen’s University Belfast,
Lina Jaruseviciene,"University of Health Sciences, Kaunas",
Carolina Jélvez,Universidad de las Américas sede Viña del Mar,
Zeinab Rostami,University of Isfahan,
Carol L. Link,"New England Research Institutes, Watertown, Massachusetts",
Olusola Adekunle,Department of Architectural Technology,
Lena Spangenberg,University of Leipzig,
Marc J. Claeys,"Department of Cardiology, Antwerp University Hospital, Belgium,marc.claeys@uantwerpen.be",
Yvette Miller,"School of Public Health & Social Work, Queensland University of Technology, Victoria Park Road, Kelvin Grove, Brisbane, Queensland 4059, Australia",
Fanxing Meng,Tsinghua University,
Sebastian Sattler,University of Cologne,x
Jaap Oude Mulders,University of Groningen,
Jane Cramm,"Institute of Health Policy & Management (iBMG), Erasmus University, Rotterdam, The Netherlands",
E. Mousa,Central Metallurgical Research and Development Institute,
Jol STOFFERS,"Research Centre of Employability, Zuyd University of Applied Sciences, Heerlen-Maastricht-Sittard,  The Netherlands",
Daniela Di Riso,University of Padua,x
Matthew Witry,University of Iowa,x
Mohammad Haghighi,"University of medical sciences, Hamadan, Iran",
Helen Chattopadhyay,UNIVERSITY OF CALCUTTA,
Petrus Nel,"IDepartment of Industrial Psychology, University of the Free State, South Africa",
Helena Milagre,Universidade de Lisboa,
Mohammad Haghighi,Hamadan University of medical sciences,x
Jeffrey Manning,University of Chicago,
Christian Dualé,Centre de Pharmacologie Clinique,
Petrus Nel,University of the Free State,x
Zarrin CHUA,Institut Supérieur de l’Aéronautique et de l’Espace ‐SUPAERO,
Gudmundur Skarphedinsson,The Center for Child and Adolescent Mental Health,x
José Buz,Universidad de Salamanca,
Marina Müller,Institute for Landscape,
Maureen R Weiss,University of Minnesota,
Nicole Lucas,Fayetteville State University,
Yang Cao,"Key Laboratory of Mental Health, Institute of Psychology, Chinese Academy of Sciences, Beijing, China",
Maureen Weiss,UNIVERSITY OF MINNESOTA,
Alev ÖZKÖK,Hacettepe University,
Filipe Afonso,"SYROKKO, Aéropôle, Paris - Roissy CDG Cedex, France",
Michael B. McFarland,"McFarland Psychology, PLLC, University of North Texas",
Stuart A. Little,Newcastle University,
Shandra Forrest-Bank,University of Tennessee,
"Mohammad Haghighi,","Research Center for Behavioural Disorders and Substance Abuse of Hamadan University of medical sciences, Hamadan, Iran",
Simone Schneider,University of Bielefeld,
Courtney Marie Cora Jones,University of Rochester,
Stefan Liebig,University of Bielefeld,x
Daniel Selva,Massachusetts Institute of Technology,
Micaela Pinho,Portucalense University,
Michael B. McFarland,University of North Texas,x
Charles Reuter,Université de Paris Ouest,
Stuart Little,American Diabetes Association,x
Luis Solano-Mora,"School of Human Movement and Quality of Life Sciences, National University of Costa Rica,",
Lazim Abdullah,University Malaysia Terengganu,
Daniela Di Riso,"Department of Psychology, University of Padua",
Stuart Little,"Institute of Cellular Medicine, Newcastle University, Newcastle, U.K.",
Wilfred W.F. Lau,The Chinese University of Hong Kong,
Charles Reuter ,"ESCP Europe (Finance), Université de Paris Ouest (CEROS)",
Daniel Oberski,University of Maryland,
Theodore T. Allen,The Ohio State University,
John Devaney,The University of Edinburgh,
Robin Zoe Hayeems,University of Toronto,
Martin Abraham,"University of Erlangen-Nuremberg, Germany, Friedrich-Alexander-University of Erlangen-Nürnberg, American Psychological Association",
Munashe Chigerwe,University of California-Davis,x
Dongyu Chen,University of Southern California,
Catherine Chamberlain,"Department of Surgery, School of Medicine",
"Auspurg, Katrin",University of Konstanz,
Martin C Gulliford,King's College London,
Roberto Baiocco,Sapienza University of Rome,
Hsu Ming-Shan,Tajen University and National Changhua University of Education,
Jean-Luc Chabert,Université de PicardieAmiensFrance,
Edler Susanne,Bielefeld: DFG Research Center,
Maximilian Obiakor,University of New England,
Meredith Mealer,University of Colorado,x
Gonçalo Correia,University of Coimbra,
Meredith Mealer,University of Colorado School of Medicine,
Munashe Chigerwe,"Medicine and Epidemiology, University of California-Davis, School of Veterinary Medicine, Davis, CA, USA",
Soham Rej M.D.,"Department of Psychiatry, McGill University",
Irene García-Moya,University of Seville,
Sheryl L. Chatfield,University of Mississippi,
Prof Matthew T Seymour MD,"St James's University Hospital and University of Leeds, Leeds, UK",
Patrick Thornley,McMaster University,
Sorinel Dumitrescu,"University Politehnica of Bucharest, Romania",
Eric-Jan Wagenmakers,University of Amsterdam,
Irene Garcia-Moya,"Department of Developmental and Educational Psychology, University of Seville",
Ghozlane Fleury-Bahi,Université de Nantes,
Martin Abraham,American Psychological Association,x
E. A. Mousa,Central Metallurgical Research and Development Institute (CMRDI),
Holendro Chungkham,Stockholm University,
Pentikäinen MD Ilkka,Oulu University Hospital,
Pawel Kleka,Adam Mickiewicz University,
Amy Cass,California State University,
Rosario Marrero,University of La Laguna,
Pawel Kleka,Adam Mickiewicz University,x
Holendro Chungkham,Stockholm University,x
Stephen Short,University of Kansas,x
"Matejić, Bojana R","University of Belgrade, Belgrade, Serbia",
M. Beaulieu,Université de Montréal,
Charles Alaneme,University of Benin,
Ayako Ito,Ochanomizu University,
Florian Keusch,Universität Mannheim,x
Mireia Orgilés,"Miguel Hernández University, Elche, Alicante, Spain",
"Afari, Ernest",University of Bahrain,
Misook Heo,"Duquesne University, Pittsburgh, Pennsylvania, USA",
Alexandru Cojocaru,The World Bank Group,x
Thomas Klausch,"Department of Methods and Statistics, Faculty for Social and Behavioural Sciences, Utrecht University, Utrecht, The Netherlands",
Friederike Frank-Schultz,Universität Hamburg,
Amber Settle,DePaul University,
Ibtissam Sabbah,"Lebanese University, Saida, Lebanon",x
F. Dauriat Zanetta,Geneva University Hospitals,
Marina Romeo,University of Barcelona,x
Madeleine Sanders,University of Newcastle,
Michelle Bryant,North Carolina State University,
Emmanuel Adu-tutu Bofah,University of Helsinki,
Xiao Kun Yu,Cornell University,
Katie Shilton,University of Maryland College Park,x
Alexandru Cojocaru,"The World Bank Group, 1818 H St, NW, Washington, DC 20433, United States",
Hale Ilgaz,Ankara University,x
Valentina Di Stasio,University of Amsterdam,x
Katie SHILTON,"University of Maryland, College Park - College of Information Studies",
Farooq Azam Rathore,"Bahria University Medical and Dental College, Karachi, Pakistan",
Maryam Ahmadabadi Arani,Tehran University of Medical Sciences,
Rémi Nazin,"PErSEUs (EA 7312)Université de Lorraine,Nancy,France",
Long Cheng,"Northeastern University, Shenyang 110819, China",
Sadika Rjiba,Facult´e des Sciences Economiques et de Gestion,x
Christina Hurlock‐Chorostecki,Western University London,
Fabiola Itzel Villa-George,Universidad Autónoma de Madrid (Spain),
Razatul Shima,University of Malaya,
Cristina Galalae,Bucharest Academy of Economic Studies,
Arturo García,Cristóbal Colón University,
Razatul Shima,University of Malaya,x
Anna Coluccia,Università degli Studi di Siena,
Nianbo Dong,University of Missour,
Dale Willits,The University of New Mexico,
C D Anderson,"Colorado School of Mines, Kroll Institute",
Dale Willits,The University of New Mexico,x
Ville Ilmarinen,"University of Helsinki, Helsinki, Finland",
Michael Rönnlund,Umeå University,
Sadika Rjiba,"Facult´e des Sciences Economiques et de Gestion, Tunisie",
Jeonghyun Kim,University of North Texas,
Arturo García-Santillán,Administrative-Economic Research Center at Cristóbal Colón University (Mexico),
WANG Jin-e LI Yue,Department of educational An-yang academy,
Thwala Wellington,University of Johanesburg,
Barbara Vanaelst,University Hospital,
M.R. Talebi,Islamic Azad University,
Travis Nauman,West Virginia University,
Tazeen H. Jafar,Aga Khan University,
Christopher Gedeon,Arizona State University,x
Manuel Egele,Vienna University of Technology,
Jonathan Penm,The University of Sydney,
Darrin Rogers,Ohio State University,
Mohit Bhandari,"Division of Orthopaedic Surgery, Department of Surgery (M.B., D.W., and B.P.), and Department of Clinical Epidemiology and Biostatistics (K.F. and S.S.), McMaster University",
Gracie D. J.,University of Leeds,
Alessandro Pinheiro,The Brazilian Institute of Geography and Statistics (IBGE),
U. Engel,Routledge/Taylor & Francis Group.,
Francisco Javier del Río Olvera,"Andalusian Institute of Sexology and Psychology, Málaga, Spain",
Andrea Vocino,DEAKIN University,
Priscila Sato,Federal University of São Paulo,
Ingegerd Ericsson,"Malmo University, Malmo Sweden",
Chun Tam,"Fairfield Hospital, University of New South Wales",
Grace Skrzypiec,Flinders University,
R M Stanley,"Exercise for Health and Human Performance Group, School of Health Sciences, University of South Australia, Adelaide, South Australia, Australia",
C D Anderson,Kroll Institute,x
Felix Nandonde,Aalborg University,
Zh Puzanova,Peoples’ Friendship University of Russia,
Mehdi Menai,Université Paris,
Darrin L. Rogers,"Department of Psychology , The Ohio State University , Columbus , Ohio , USA",
Seyed Jamal  F. Hosseini,Islamic Azad University,
Michael Windle,"Emory University Atlanta, GA 30322 USA",x
Cyrus Motamed,Institut Gustave-Roussy,
Hiremath P. S.,Gulbarga University,x
Stefan Liebig,Universitätsbibliothek Bielefeld,x
Jia NI,Asia Pacific Journal of Clinical Nutrition,
Rebecca Stanley1,University of South Australia,
Eun Sook Kim,University of South Florida,
John Duffield,"University of Montana, Missoula",
Kirsten Martin,"Strategic Management and Public Policy, George Washington University.",x
Hiew Yi,"Asian Institute of Medicine, Science and Technology (AIMST) University, Bedong 08100, Kedah, Malaysia",
A. Harries Priscilla,Brunel University,
Jackie Stokes,Social Service Worker Program College of New Caledonia,
Riitta Suhonen,"University of Turku, Finland",
Suchi Parekh,"University of North Carolina at Chapel Hill, NC (UNC)",
Francisco Sáez-Martínez,Universidad de Castilla-La Mancha,
Tomàs Aluja-Banet,Polytechnic University of Catalonia,
John Duffield,"University of Montana, Missoula",x
Myrna Keurhorst,"Radboud University Nijmegen Medical Centre, Scientific Institute for Quality of Healthcare (IQ healthcare), P.O. Box 9101, 114 IQ healthcare, 6500 HB, Nijmegen, The Netherlands",
Jason D. Hans,University of Kentucky,
Alberto Humala,Central Reserve Bank of Peru,
V.V. KRAVTSIV,Vasyl Stefanyk Precarpathian National University,
Brian Sylcott,Carnegie Mellon University,
Myrna Keurhorst,Radboud University Nijmegen Medical Centre,x
Sharon Lohr,Westat,
ONYEBUCHI A.ARAH,University of California,
Saher S. Hashem,Cairo University,
Laura Feuerborn,"University of Washington, Tacoma, USA",
Francisco Jose Sáez-Martínez,Dublin City University,
Henry Punzi,Punzi Medical Center,
Michael Windel,Emory University,
Priscilla Harries,"School of Health Sciences and Social Care, Brunel Institute for Ageing Studies, Brunel University, Uxbridge, UK",
Suchi Parekh,"SVIT, Vasad, Gujarat, India",x
Myrna N Keurhorst,Scientific Institute for Quality of Healthcare,
William Wells,Sam Houston State University,
Marina Romeo,University of Barcelona,x
A. N. Moghanlou,"Departement of Agronomy and Plant Breeding, Tabriz Branch, Islamic Azad University, Tabriz, Iran.",
Hak Tam,National Taiwan Normal University,
M Malakootian,"Environmental Health Eng. Research Center and Dept. of Environmental Health, Kerman University of Medical Sciences, Kerman, Iran",
Daniel Donoghue,"Canterbury Christ Church University, Faculty of Social and Applied Sciences , School of Human and Life Sciences",
Peter Achterberg,UNIVERSITY ROTTERDAM,
Jichuan Wang,George Washington University,
Raymond Hubbard,"Drake University,Blackburg,USA",
Armando CONAGIN,Instituto Agronômico de Campinas,
Anne Brédart,"Institut Curie, Paris and University Paris Descartes",
Marina Romero Delgado,University of Barcelona,
Suchi Parekh,"Vasad, Gujarat, India",x
Yu Yu,Xiangya Hospital of Central-south University,
A. Moghanlou,Islamic Azad University,
K.A.S Dhammika,University of Kelaniya,
Mahmud Abdulkader Mahmud,"Department of Medical Microbiology and Immunology, College of Health Sciences, Mekelle University, Mekelle, Ethiopia",
Hale Ilgaz,Ankara University,
Robert L. Williams,University of New Mexico,
Mahmud Mahmud,"Department of Medical Microbiology and Immunology, College of Health Sciences, Mekelle University, Mekelle, Ethiopia",
Niamh A. Fingleton,University of Aberdeen,
Yves Van Vaerenbergh,University of Guyana,
K.A.S. Dhammika,University of Kelaniya,
Daniel Weinland,"Deutsche Telekom Laboratories, Berlin Institute of Technology, Berlin, Germany",
P Hewitson,University of Oxford,
R. Lasala,New York Structural Biology Center,
Pei-Hsin Lin,"Division of Neural RepairNeurological Institute, Taipei Veterans General HospitalTaipeiTaiwan, Republic of China",
Yu Yu MPH,University of Washington,
Karen E. Gerdes,Arizona State University,
Maureen Murdoch,"University of Minnesota School of Medicine, Minneapolis, MN, USA",
Yannick Morvan,Wright Medical,x
Ralph Lasala,New York Structural Biology Center,
Wei Fu-wei,Hechi University,
Tomasz Buchert,Université de Lorraine,
M Beckmann,Brown University,
Allen Kachalia,"Brigham and Women's Hospital,Boston",
Pablo Pérez,Universidad de Alicante,
Megan Armstrong,"University of Nevada, Reno",
Peter Jacobebbinghaus,University of Bielefield,
Ravi Lingineni,University of North Texas Health Science Center,
Yannick Morvan,Wright Medical,x
Markus Soini,"Department of Sport Sciences, University of Jyväskylä, Finland",
Louis M. Marmon,"Medical Center Drive Office Rockville, Maryland",
Kiyanoush Ghalavand,Panjab University,
Christain Werner,Wiley Online Library,
Tshoki Zangmo,Centre for Bhutan Studies and GNH Research,
Hesham ElSawy,University of Manitoba,
Marco Fontana,Università degli Studi “Roma Tre”,
Eyüp Çelik,Sakarya University,
A Maltseva,Tver State University - Lurye Scientific and Methodological Center for Higher School,
Marco Fontana,Università degli Studi “Roma Tre”,x
Elizabeth Goering,Indiana University - Purdue University Indianapolis,
Adham Atyabi,Flinders University,
Kiarash Keshmiri,University of Tehran,x
Jennifer Lemacks,University Of Southern Mississippi,
Dr. Rosalyn Negron,University of Massachusetts,
David Wood,"Clinical Toxicology, Guy’s and St. Thomas’ NHS Foundation Trust and King’s Health Partners, London",
T. S. V. R Neeharika,"Centre for Lipid Research, Indian Institute of Chemical Technology, Hyderabad",
Caro Cilliers,University of Pretoria,
Massimiliano Caporin,"Department of Economics and Management “Marco Fanno,”, University of Padova",
Scott W. Phillips,Buffalo State College,
Audrey Omar,University of Iowa,
Suna Ozkan,"Gaziantep University, TURKEY",
Gudmundur Skarphedinsson,"University of Iceland, The Center for Child and Adolescent Mental Health",
Adham Atyabi,Flinders University,x
Jennifer D. Oyler,"Department of Management, College of Business, Texas A&M University Commerce, Commerce, TX, USA",
José Tomás,University of Valencia,
Nicola Wright,University of Nottingham,
Jennifer Riddell,Arizona State University,
Elizabeth Richards,Purdue University,
Arindam Banerjee,JIS College of Engineering,
Oscar Del Brutto,Universidad Espíritu Santo - Ecuador,
Tsigankov BD,Moscow State University of Medicine and Dentistry,
Dany MacDonald,University of Prince Edward Island,x
Sarah Nicksa,1Widener University,
SUSAN E.DORMAN,Johns Hopkins University,
Peter Lorenzen,Max Rubner-Institut,
Catherine Roster,University of New Mexico,
Nelli Lyyra,University of Jyväskylä,
Shan-Jen Cheng,Army Academy R.O.C,
Mireia Orgilés,Miguel Hernández University,x
Shinya Ito,Toho University School of Medicine,
Hsin-Yu (Ariel) Chiang,Fu Jen Catholic University,
Dany MacDonald,"Department of Family and Nutritional Sciences, University of Prince Edward Island, Charlottetown, Prince Edward Island, Canada C1A 4P3",
Rezarta Shkurti (Perri),Romanian American University,
KONG Fan-cheng JIA Yu,Northwest University,
Kiarash Keshmiri,"School of Chemical Engineering, College of Engineering, University of Tehran, Tehran, Iran",
Jianshu Lv,"Nanjing University, Nanjing 210023, China",
Gabriel Gastélum,"Autonomous University of Chihuahua, México",
BEHROUZI SH.,"IRANIAN FISHERIES RESEARCH ORGANIZATION (IFRO),MAZANDARAN PROVINCE",
Anand Iyer,Alder Hey Children's NHS Foundation Trust,
J. M. Rodríguez Villalobos,University of Chihuahua,
Luis M. Vaquero,Hewlett-Packard LabsBristolUK,
ClóvisAlexandrino- Silva,University of São Paulo Medical School,
Shagufta Yasmeen,University of California,
Elena M. Ukolova,HSE University,
Alireza Nezamabadi,"Islamic Azad University, Arak, Iran",
Ana Figueiredo,Instituto de Pesquisas Energéticas E Nucleares,
Gabriel Cuadras,Autonomous University of Chihuahua,
Stuart Mclennan,Universität Basel,
Kim Soo Jung,"Baylor College of Medicine Houston, TX, US",
Aisha Yousafzai,Aga Khan University,
Vitor Braga,School of Technology and Management of Felgueiras,
Ji Cheng,"Department of Clinical Epidemiology and Biostatistics, McMaster University, Hamilton, ON, Canada",
Robinson Ramírez-Vélez,"Escuela de Ciencias Básicas, Universidad del Valle, Calle 4B 36-00, San Fernando, Cali, Colombia",
J.L. Lesnock,University of Pittsburgh,
M. Lyn Exum,"Department of Criminal Justice and Criminology, University of North Carolina at Charlotte, Charlotte, USA",
Martina Kotzé,University of the Free State,
Sveinung Arnesen,University of Bergen,
", Shawna N Smith",UNIVERSITY OF OXFORD,
Ji Cheng,McMaster University,x
Nicola Belle,"Bocconi University Milan, Italy, Sant'Anna School Institute of Management",
Subir Ghosh,"University of California, Riverside, CA",
Nicola Belle,Sant'Anna School Institute of Management,x
Alexandra G Parker,University of Melbourne,
Jon D Emery,"The University of Western Australia,",
Dóra Forintos,Semmelweis University,
Valérie Siroux,Univ Joseph Fourier,
Kelly Alanis,"The University of Texas at Austin,",
Dr Aisha K Yousafzai,"University, Karachi",
Michelle Jackson,Stanford University,
Moshe Bensimon,Bar Ilan University,
Silvia Donato,CATHOLIC UNIVERSITY OF MILANO,
David Campbell,"Departments of Medicine and Community Health Sciences, Cumming School of MedicineUniversity of CalgaryCalgaryCanada",
BAI Xian-guang,Pingdingshan University,
Marzanne van der Linde-de Klerk,University of South Africa,
Dumitru MIRON,The Bucharest Academy of Economic Studies,
Jaffiol C.,Université Paris Descartes,
Robinson Ramírez-Vélez,Universidad del Valle Calle,x
Jon D. Emery,The University of Melbourne,
"Bensimon, Moshe",Bar Ilan University,
David Heise,Indiana University,
Elzette Keenan,"School of Human Resource Sciences, North-West University, Potchefstroom Campus, South Africa",
Simona Calabrese,Italia Lavoro S.p.A.;,
J.L. Piazza,EAGE,
Rym Bouzaabia,University of Sousse,
Mari B. Pierce,Pennsylvania State University,
Amy I. Cass,California State University,
T Katsaounis,Ohio State University,
Maria S. Altieri,University Medical Center,
Shamsa Aziz,"International Islamic University Islamabad, Pakistan",
Mari Pierce,Pennsylvania State University,
Omar Abdel-Aziz,Ain Shams University,
Linda Crawford,Walden University,
Meike Müller-Engelmann,Goethe-Universität,
Anthony Vance,Brigham Young University - Department of Information Systems,x
Maria Altieri,Stony Brook University Medical Center,
Yumi Suzuki,University of South Dakota,
Liviana Catalano,National Center for Biotechnology Information,
Riane N. Miller,"1Radford University Radford, VA, USA",
Thibaut Vidal,Université de Montréal,
Jacqueline Stokes,College of New Caledonia,
Myrna Keurhorst,Radboud university medical center,x
Jonathan Lukens,"Salem State University, Salem, MA, USA",
Paulo Borges,"Robotics and Autonomous Systems Group CSIRO’s Data61 Brisbane, Australia",
Hadar Aviram,Hastings College of the LawUniversity of CaliforniaSan FranciscoUSA,
Stephen Lawoko,"Karolinska Institutet, Stockholm, Sweden",x
S. B. Tajiri,Waziri Umaru Federal Polytechnic,x
Cees Eijk,University of Nottingham,
Maria Brenner,University College Dublin,x
Guillermina Jasso,New York University,
Tristan E. Lipkie,Purdue University,
Alessandra Lazazzara,University of Milan-Bicocca,
Sarah Brady,University College Dublin,
Vatsal Patel,"G. H. Patel College of Engineering &Technology, Gujarat Technological University, Ahmedabad, India",
Vittorio Mérola,The Ohio State University,
Vatsal Patel,Gujarat Technological University,x
Reinhard Schunck,University of Bielefeld,
Stephen Lawoko,"Department of Public Health Sciences, Karolinska Institutet, Stockholm, Sweden",
Peter Valet,"University of Bielefeld, Faculty of Sociology",
Naoko Kato-Nitta,"The Institute of Statistical Mathematics, Japan; Ibaraki University",
Rajeev Ranjan,Haldia Institute of Technology,
K. L. Jeyaraj,Annamalai University,x
Anthony VanceMarriott,"School of Management, Brigham Young University",x
Kawther Ould Babaali,University Djillali Liabès of Sidi Bel-Abbes. Algeria,
K. L. Jeyaraj,Annamalai University,
David Schwappach,"University of Bern, Bern, Switzerland",x
S. B. Tajiri,"Mechanical Engineering Department, the Polytechnic of Sokoto State",
Alex Buckley,University of Sthratclyde Glasgow,
Juliana Campos,Paulista State University,x
David Schwappach,University of Bern,x
Michael Windle,MIT Humanitarian Supply Chain Lab,
Shima Razatul,University of Malaya,
Juliana Campos,"Departamento de Odontologia Social. Faculdade de Odontologia de Araraquara. Universidade Estadual Paulista. Araraquara, SP, Brasil",
Kawther Babaali,University Djillali Liabès of Sidi Bel-Abbes,
Achim Goerres,"University of Cologne, University of Duisburg-Essen",
Serafino Mancuso,University of Melbourne,
Claudia Diehl,University of Konstanz,
Wynn Shooter,Monash University in Frankston,
Ng Chong Guan,University Malaya,
Aman Khasawneh,Hashemite University,
Thomas Hinz,"University of Konstanz, American Psychological Association",
J. Michael Oakes,"Division of Epidemiology, University of Minnesota",
Britta Renner,"University of Konstanz, Psychological Assessment and Health Psychology, Box 47, D-78457 Konstanz, Germany",
Edith De Leeuw,Utrecht University,
Anthony Vance,Brigham Young University,x
Duarte Valério,Universidade de Lisboa,
Kristin Baughman,Northeast Ohio Medical University,x
Vatsal Patel,"College of Engineering &Technology, Gujarat Technological University",x
René Kager,Utrecht University,
William H. Polonsky,University of California,
Corinna Frodermann,University of Konstanz,
Declan Fay,University College Dublin,
F.M. ARSCOTT,UNIVERSITY OF SURVEY,
Robin Hayeems,"University of Toronto, Toronto, Ontario, Canada",
Florian Keusch,"Vienna University of Economics, Universität Mannheim",
Katrin Auspurg,University of Konstanz,x
Kristin Baughman,"Northeast Ohio Medical University, Rootstown",
Jill Weinberg,Northwestern University,
Katrin Auspurg,Ludwig-Maximilians-University of Munich,x
Timothy Colyer,University of Central Florida,
Caitlin Murphy,The University of Texas Medical School,x
Eva Samuelsson,Stockholm University,x
Forrest .Lane,"University of Southern Mississippi,",x
Jennifer Foucart,Université libre de Bruxelles (ULB),
Caitlin Murphy,"Center for Health Promotion and Prevention Research, University of Texas School of Public Health and Center for Translational Injury Research, The University of Texas Medical School, Houston, Texas; and Division of Health Behavior Research, Washington University School of Medicine, St. Louis, Missouri",
Alexios Kotsifakos,University of Texas at Arlington,
Ee-Yuee Chan,Tan Tock Seng Hospital,x
Michael McKenna,University of Virginia,
Jean Cacas,University of Bordeaux,
Agnieszka Mościcka-Teske,University of Social Sciences and Humanities,
Ahmed Zoha,University of Surrey,
Anthony Vance,"Georgia State University, USA",x
Anna Pinto,Imperial College London,
Michael TenEyck,University of Texas at Arlington,
Pamela Hinds,George Washington University,
Jibin C. Jacob,Department of Mechanical Engineering,
Prof Sinata Koulla-Shiro,University of Yaoundé 1,
Isabel Goicolea,Universidad Umea,
Thomas Oakland,University of Florida,
Merrill Warkentin,Mississippi State University,x
Juan Reyna,Universidad de las Américas,
Isabel Hui-Ling,"CHU Toulouse, Tan Tock Seng Hospital",
Cheti Nicoletti,University of York - Department of Economics and Related Studies,
M Savvopoulou R Shergill,University of Oxford,
Cristina Oliveira,Centro Hospitalar Tondela-Viseu,
Donna Fitzsimons,"Institute of Nursing Research, University of Ulster, Jordanstown Campus,",
Begoña Orgaz Baz,Universidad de Salamanca (Spain),
SH Koller,"Universidade Federal do Rio Grande do Sul, Rio Grande do Sul",
Reinhard Schunck,University of Bielefeld,x
Joachim Jacobs Jacobs,The University of the Western Cape,
Arne Bethmann,"Institut für Arbeitsmarkt- und Berufsforschung, University of Konstanz",x
Dan Dumitraşcu,"Medical II Department, University of Medicine and Pharmacy “Iuliu Haţieganu”, Cluj-Napoca, Romania",
Maria Zafiropoulou,University of Thessaly,
Philip Waggoner,University of Houston,
Demi Patsios,University of Bristol,
Kathy Briffad,"School of Physiotherapy and Exercise Science, Curtin University, Australia",
Chuang Wang,"University of North Carolina at Charlotte, USA",x
ALI REZA GHORBANI,MEDIPOLE (Toulouse),
James Jones,Ball State University,
Amy Vogelsmeier,University of Missouri,
L. Arriaga,Centro de Investigación y Desarrollo Tecnológico en Electroquímica,
López Sánchez F,Universidad de Salamanca.,
Peter Jacobebbinghaus,Bielefeld University,x
Brian J. Taylor,"Senior Lecturer in Social Work at the University of Ulster, Northern Ireland.",
Hebal Kallesh,"Sohar Regional Teaching Hospital, Sohar, Oman",
Johanne Mattie,British Columbia Institute of Technology,
Salaheddine Doumandji,"Department of Agricultural and Forestry Zoology, National High School of Agronomy, El Harrach, 16200 Algiers, Algeria",
R. Gdoura,Université de Sfax,
Anne Smith,University of Dundee,
Charles Hitchcock,Ohio State University College of Medicine,
Cristina Oliveira,Centro Hospitalar Tondela-Viseu,x
Patricia Hawley,"Department of Psychology, University of Kansas, 1415 Jawyhawk Blvd, Lawrence, KS, 66045, USA",
Gilles Freyer,"Department of Medical Oncology, Centre Hospitalier Lyon Sud, Pierre-Bénite, France",
Martin Prince,"Section of Epidemiology, PO Box 60, Department of Health Service and Population Research, Institute of Psychiatry, King's College London, De Crespigny Park, London SE5 8AF, UK",
Ruth A. Anderson,University of North Carolina at Chapel Hill,x
Stefan Liebig,Bielefeld University,x
Matthias Wrede,Friedrich-Alexander-Universität Erlangen-Nürnberg,
Yiran Dong,Indiana University,
Juan Sierra,"Facultad de Psicología, Universidad de Granada, Granada, España",
Brian J. Taylor,University of Ulster,x
Nikolay Iv. Ivantchev,South-West University,
Florian Rabuza,University of Duisburg-Essen,
Ruth A. Anderson,University of North Carolina at Chapel Hill,x
Ross Taplin,Curtin University of Technology,
Haroun Chenchouni,"University of Tebessa, 12002 Tebessa, Algeria",
Juan Sierra,Universidad de Granada,x
S.S. Shrikhande,University of Bombay,
Ruth A. Anderson,"School of Nursing, University of North Carolina at Chapel Hill",
Yavor Yalachkov,"Goethe-University, Frankfurt am Main, Germany",
Brian Taylor,South Eastern Health and Social Care Trust,
Scott Chapman,"Sam Houston State University, Trinity University",
Eun Shil Yim,Daegu Health College,
GILLES FREYER,"Department of Medical Oncology, Centre Hospitalier Lyon Sud, Pierre-Bénite, France",x
Radzuan Razali,Universiti Teknologi PETRONAS,
Sok Ying Liaw,"Alice Lee Centre for Nursing Studies, Yong Loo Lin School of Medicine, National University of Singapore, Singapore 117597, Singapore",
Katrin Gehring,Swiss Patient Safety Foundation,
Matthew J. Miller,University of Oklahoma,
Maria P. Diago,University of La Rioja,
Kalana Malimage,Georgia State University,
Merrill Warkentin,Mississippi State University Mississippi State,
Nazariah Aiza Harun,-,
Xia Gao,Xinjiang Medical University,x
Stephanie Mazerolle,"University of Connecticut, Storrs, CT",
Merrill  State WarkentinMississippi,University Mississippi State,
John L. Cox,University of West Florida,
Leili Laanemets,"School of Social Work, Lund University",
Benjamin Zufiaurre,Public University of Navarra,
Tanja Krones,University of Marburg,
Ellen Berscheid,University of Minnesota,
Xia Gao,First Affiliated Hospital of Xinjiang Medical University,
José Espada,Miguel Hernández University of Elche,
Glen Schmidt,University of Northern British Columbia,
Svetha Venkatesh,"Center for Pattern Recognition and Data Analytics (PRaDA), Deakin University, VIC 3216, Australia",
"Stadlerova, M.",Czech University,
Thushara Fernando,"Division of NCD, World Health Organization",
Jonathan TAYLOR,"School of Nursing and Midwifery, Dundee University, SCOTLAND",
Fran Walsh,Kimberly-Clark Corporation,x
Patrick Letrémy,SAMM - Université Paris,
Liang Chen,"Nanyang Technological University, Singapore",
Jim Coykendall,North Dakota State University,
Addel Salavati,Islamic Azad University,
Annick Willem,Department of Movement and Sports Sciences,
KF Darkwahb,"Kwame Nkrumah University of Science and Technology,",
T. Nickle,University of Albany,
Steven J. Durning,University of the Health Sciences,
Sukkyung You,"Hankuk University of Foreign Studies, Seoul, Korea",
Tali Bayer-Topilsky,"Myers-JDC-Brookdale Institute, Jerusalem, Israel",
Chih Chien Yang,National Taichung University of Education,
Eva Samuelsson,Lund University,x
Mehdi Ghasemi2,"Student Research Committee, Department of Environmental Health, School of Health, Mazandaran University of Medical Sciences, Sari, Iran",
M. Dhurup,Vaal University of Technology,
Mikael Rennemark,Blekinge Institute of Technology,
Nuno Nunes,Lisbon University Institute,
Eva Samuelsson,Stockholm University,x
Angus Nightingale,"Bristol Heart Institute, University Hospitals Bristol NHS Foundation Trust, Bristol Royal Infirmary",
Yoshikazu Terada,National Institute of Information and Communications Technology,
Domingos Giordani,"School of Engineering of Lorena, University of São Paulo",
Giulio Zavattini,Università degli Studi di Roma La Sapienza,
Eva Samuelsson,Lund University,
LD Marceau,"New UK Research Institutes, Watertown, USA",
Judith Finegold,Imperial College London,
Aldo-Javier Prizmic-Kuzmica,EADA Business School WebsiteDirections Save,
Thwala W.D.,"University of Johannesburg, Johannesburg, South Africa",
Stephanie Pausch,University of Bielefeld,
Patrick Y Ango,"University of Botswana, Botswana",
Cameron McIntosh,Public Safety Canada,
Dennis VanEngelsdorp,University of Maryland,
David Schwappach,"UNIVERSITY OF BERN, INSTITUTE OF SOCIAL AND PREVENTIVE MEDICINE (ISPM), BERN, SWITZERLAND",
Mahboobeh Azadehrah,"Depatment of Obstetrics and Gynecology, School of Medicine, Isfahan University of Medical Sciences, Isfahan, Iran *For correspondence: dr.azadehrah@gmail.com",
Clare Gaskins,University of Delaware,
John Paul Hatala,School of International Hospitality and Service Innovation,
Maria Mundim,Pontifícia Universidade Católica de Campinas,
Linda M. Crawford,Walden University,
David Schwappach,University of Bern,x
Lloyd Bond,Carnegie Foundation for the Advancement of Teaching,
Shuqiao Yao,Central South University,
Sara Viotti,University of Turin,
Lisa Najavits,Boston University School of Medicine,
Yoko Iwasaki,"National Center for Child Health and Development, Tokyo, Japan",
Brock Bass,Clemson University,
Mahboobeh Azadehrah,"Depatment of Obstetrics and Gynecology, School of Medicine, Isfahan University of Medical Sciences, Isfahan, Iran",x
Dustin Ormond,College of Busines,
Jolein Gloerich,Nijmegen Proteomics Facility,
Michael Bornstein,University of Bern,
Marcelo Villar,Austral University,
Maria Solevid,University of Gothenburg,
Nabil Droubi,"Lebanese University, Nabatieh, Lebanon",
Silvia Maria Amado João,Faculdade de Medicina da Universidade de São Paulo – USP,
David Haziza,Université de Montréal,
Adital Ben-Ari,University of Haifa,
Scott M. Smith,"(Qualtrics, Inc., Provo, Utah, USA)",
Daniel McFadden,"3Workers Compensation Research Institute, Cambridge, MA, USA",
Sun-Hyun Kim,"CHA University, Pocheon, Korea",
Allen C. Johnston,University of Alabama Birmingham,
Ross Taplin,Curtin University,x
Sunil Wimalawansa,Cardio Metabolic Institute,
David Dunt,"Centre for Health Policy, Program and Economics Melbourne School of Population Health, University of Melbourne Australia",
Silvia João,Faculdade de Medicina da Universidade de São Paulo,
Maaret Castren,Karolinska Institute,
David Ogilvie,"Institute of Public Health, Cambridge UK",
Nilay Shah,Mayo Clinic,
Michael M Bornstein,Prince Philip Dental Hospital,
Ada C. Mui,Cambridge University,
Karina Mostert,North-West University,x
Harry Bouwman,Delft University of Technology,
David Haziza,Universite de Montreal,x
Rosario Ortega-Ruiz,University of Cordoba (Spain) & Visiting Professor at University of Greenwich (United Kingdom),
Philip Menard,PhD studen in Information /systems at Mississippi State University,
Sang Lee,Korea University,
E John Gallagher,Albert Einstein College of Medicine,
Begoña Baz,University of Salamanca,
David R Vinson,Sacramento Medical Center,
Elmar Braehler,University of Leipzig,
Ron Hays,"Department of Medicine, University of California, Los Angeles",
Adriana Lis,University of Padova,
Elizabeth A Klonoff,"Clinical Psychology, USA",
Sante Orsini,Socio-demographic and Environmental Statistics Directorate,
S. TENGEY,Standard Chartered Bank Ghana,
Beverly Green,Group Health Research Institute,
Annabelle Chow,Shanghai Jiaotong University,
Kok-Mun Ng,"University of North Carolina at Charlotte, NC, USA",
Elizabeth A Klonoff,"Clinical Psychology, USA",x
Arturo Sanmartín,University of Seville,
Cristian Preda,Université Lille 1 and Inria Lille-Nord Europe,
Ángela Viviana,"Pontificia Universidad Javeriana, Faculty of Medicine, Master in Clinical Epidemiology",
Hamid EL BILALI,Parthenope University of Naples,
Song Lin Ng,University Tunku Abdul Rahman,x
Philippe Colombat,François Rabelais University,
R. Urbán,"Institute of Psychology, university Budapest, Hungary",
Klarita Gërxhani,University of Amsterdam,
Ze Xiao,"Shanghai Mental Health Center, Shanghai Jiaotong University School of Medicine, Shanghai 200030, PR China",
Saulo Sirigatti1,Department of Human SciencesEuropean University of RomeRomeItaly,
Chi Tai Fang,National Taiwan University,
Stefanie Gundert,Institut für Arbeitsmarkt- und Berufsforschung (IAB),
Christina Meyer,Friedrich-Alexander-University of Erlangen-Nürnberg,
William Doucette,"University of Iowa College of Pharmacy, Iowa City, USA",
Goodwin Meghan,CLEMSON UNIVERSITY,
Mirjam Hausherr,Institute of Sociology at the University of Zurich,
Hiroko Yamada,Nara Institute of Science and Technology,
Mohammed Fadli,Laboratory of Biodiversity and Natural Resources,
Gerard M Fealy,University of College Dublin,
Holger Schünemann,"McMaster University, Hamilton",
Akanksha Chandrakar,"Rungta College of Science & Technology, Durg, Chhattisgarh, India.",x
Cairns Deborah,Brunel University,
Meghan Goodwin,Clemson University,
Lisa Wallander,Malmo University,x
Scott Frickel,"Brown University, United States",
ZePing Xiao,"Correspondence to Zeping Xiao, MD, PhD, Shanghai Mental Health Center, 600 South Wanping Road, Shanghai 200030, PR China.",
Shi Xuezhong,Zhengzhou,
Teppei Yamamoto,Massachusetts Institute of Technology,
Inge Nuijten,"Rotterdam School of Management, Erasmus UniversityErasmus University RotterdamRotterdamThe Netherlands",
Renata Ivanek,"Department of Veterinary Integrative Biosciences, College of Veterinary Medicine and Biomedical Sciences, Texas 6 A&M University, College Station, TX 77843",
Yang Yongli,Zhengzhou University,
R Pietrowsky,PsycARTICLES,
Manjunatha Hiremath,Gulbarga University,x
Gert G. Wagner,Max-Planck-Institute for Human Development Berlin,
Merrill Warkentin,Mississippi State University,x
Gul Showkeen Bilal Ahmad,Aligarh Muslim University,
Stefan Friedhoff,Bielefeld University,
Song Lin Ng,Universiti Tunku Abdul Rahman,
Michael Fischer,"Division of Pharmacoepidemiology and Pharmacoeconomics, Brigham & Women’s Hospital, Harvard Medical School",
Klarita Gërxhani,University of Amsterdam,x
Judith Hahn,"Department of Medicine, San Francisco General Hospital, University of California San Francisco, San Francisco, CA, USA",
Isabelle Touitou,"Maladies Auto-inflammatoires, Laboratoire de Génétique, Hôpital A de Villeneuve, CHRU Montpellier, Montpellier, France",
Akanksha Chandrakar,"Rungta College of Science & Technology, Durg, Chhattisgarh, India.",
Michael A. Fischer,Division of Pharmacoepidemiology and Pharmacoeconomics,x
Michael A. Fischer,"Harvard Medical School, Division of Pharmacoepidemiology and Pharmacoeconomics",
Prof Anthony Costello,"Institute for Global Health, University College London, London, UK",
Betty S. Lai,"Georgia State University, Atlanta, GA, USA",
Felipe Validez,Pontificia Universidad Javeriana,
Joseph M. Szewczak,Humboldt State University,
Marie-Odile Krebs,"Université Paris Descartes, Faculté de Médecine Paris Descartes, Centre Hospitalier Sainte-Anne, Paris, France",
Geoffrey M. Reed,Columbia University,
Neda Todorova,"Griffith Business School, Griffith University, Nathan campus, 170 Kessels Road, Nathan QLD 4111, Australia",
María Palomar,Universidad de Guadalajara,
Peter Graeff,"Faculty of Humanities, Bundeswehr University Munich, Munich, Germany",
José María Sarabia,University of Cantabria,
Dinska Van Gucht,University of Leuvan Belgium,
Bryan McNair,University of Colorado at Denver,
Felicia Trachtenberg,"Massachusetts General Hospital, Harvard Medical School",
Jurgen Magraf,Royal College of Physicians,
Geoffrey Reed,"World Health Organization, Switzerland",
Kate Curtis,University of Southampton,
Muhammad Radzi Abu Hassan,"Department of Internal Medicine, Sultanah Bahiyah Hospital",
Catherine Tucker,MIT Sloan,
Tracey Meares,Yale University,
Rebecca E. Lee,University of Houston;Arizona State University,
Beverley Taylor,Federation University,
Martin Voracek,Georg August University of Göttingen,
Tracey L. Meares,Yale University,
Larry An,"University of Michigan, Center for Health Communications Research, Ann Arbor, MI, United States",
Teppei Yamamoto,"Massachusetts Institute of Technology,",x
Fumikazu TAMARI,"Department of Mathematics, Fukuwoka University of Education",
G. S. Anandha,"St. Joseph’s College of Engineering, Chennai, India",
Michael Fischer,Division of Pharmacoepidemiology and Pharmacoeconomics,x
JOOP SCHIPPERS,"Cambridge University, Utrecht University School of Economics",
Mikel Galar,"Universidad Pública de Navarra,Spain",
Claudia Nerdel2,"TUM School of Education, Fachdidaktik Life SciencesTU MünchenMunichGermany",
Barbara Starfield,Johns Hopkins University,
Christian Müller,Charité – Universitätsmedizin Berlin,
Diane Monrad,"University of South Carolina, USA",
Claudia Nerdel,TUM School of Education,
Laird A. Burns,University of Alabama in Huntsville,
Anastasios Barkatsas,"Monash University, Australia",
Paul Slater,"School of Nursing Faculty Of Life & Health Sciences, Ulster University",
Olga Matus B,Universidad de Concepción,
Dominique Vandijck,Hasselt University,x
Francisco Herrera,University of Granada,
Jun Nakamura,"Department of Psychiatry, University of Occupational and Environmental Health, Kitakyushu, Japan",
Robert Pavur,University of North Texas,x
"Stockholm University, Faculty of Social Sciences, Department of Social Work. Single",Author,
Sue Hignett,Loughborough University,
Peter Mair,European University Institute,
Daniel Vega,Andalusian Institute of Sexology and Psychology,
Armen R. Deukmedjian,University of South Florida,
Kasia Karpinska,"Utrecht University,The Netherlands.",x
Dominique Vandijck,"Hasselt University, Faculty of Business Economics, Martelarenlaan 42, BE3500 Hasselt, Belgium; Ghent University, Faculty of Medicine and Health Sciences, Ghent, Belgium",
Carsten Sauer,"Collaborative Research Center 882, Bielefeld University, Bielefeld, Germany",
Stephen Klineberg,Rice University,
Marco Di Luca,"Department of Infectious, Parasitic and Immuno-mediated Diseases, Unit of Vector Borne Diseases",
Iryna Lokteva's,Taras Shevchenko National University of Kyiv,
Xiongzhao Zhu,Central South University,
Dr GK Purohit,"PDA College Engineering, Gulbarga",
Thomas Hinz,Universität Konstanz,x
Jacquelyn J. Benson,University of Missouri,
Sofia Barbato,"Fundacion CLinica Valle de Lili , Cali, Colombia",
Robert Pavur,"Information Technology and Decision Sciences Department, College of Business, University of North Texas, Denton, Texas.",
Belén Ramos,Universidad de Barcelona,x
Elaine Hay,Keele University,
M Hengartner,University Hospital of Psychiatry,
Ivan Šklebar,Medical University of Plovdiv,
Alejandro Gonzaleze,Universidad de Las Palmas de Gran Canaria,
Marilyn S Townsend,University of California,
Gabor Simonovits,Central European University,
Philip Pretorius,North-West University,
Philip Pretorius,North-West University,
Jadranka Mustajbegović,University of Zagreb,
Philip Troped,University Massachusetts Boston,
Teofila Go,Hamad General Hospital,
Meagan O’Malley,Southern Oregon University,
William Dale,University of Chicago,
P. Valet,Universität Bielefeld,
Daniel R. van Langenberg,Monash University,
Jeffrey Katz,Brigham & Women's Hospital and Harvard University,
Pramod Deore,"Department of Electronics and Telecommunication, R.C.Patel Institute of Technology,Shirpur,Dist.Dhule.Maharashtra,India",
Lu Jin,Zhejiang UniversityHangzhouChina,
Vivien Coates,School of Nursing,
Meghan H McDonough,The University of Calgary | HBI · Faculty of Kinesiology,
Pramod Deore,R.C.Patel Institute of Technology,x
Ximena Uribe-Zarain Willett Kempton,"UNIVERSITY OF DELAWARE, NEWARK",
Ioannis Tsaousis,University of Crete,
Ingrid Becker,Friedrich-Alexander Universität Erlangen-Nürnberg,
T. Sun,VII International Postharvest Symposium,
Shuichi Awata,Tokyo Metropolitan Institute of Gerontology.,
Michael J. Furlong,Distinguished Professor Emeritus and Research Professor University of California Santa Barbara,
James Sheppard,"University of Florida, Department of Psychology",
Katrin Auspurg,"Goethe University, Frankfurt, Ludwig-Maximilians-University of Munich, Goethe-Universität Frankfurt",
Gladys McPherson,"University of Aberdeen, Scotland",
Carolynn Baer,Northern Virginia Training Center,
Geert Loosveldt,"Katholieke Universiteit Leuven, Center for Sociological Research, Parkstraat 45 – bus 3601, 3000 Leuven, Belgium",
Sohail Zafar,Lahore School of Economics,x
Joop Schippers,Utrecht University,x
Anne Hway,University Malaya,
Sherry Baron,National Institute for Occupational Safety and Health,
Luís Freitas,Universidade de São Paulo,
Monica Cardella,American Society for Engineering Education,
Salman Afshar,"Institute of Scientific-Applied Higher Education of Jihad-e-Agriculture, Agricultural Research, Education and Extention Organization, Tehran, Iran",
Arif S. Malik,SAINT LOUIS UNIVERSITY,x
Salman Afshar,Institute of Scientific-Applied Higher Education of Jihad-e-Agriculture,x
Yi-yuan Tang,"Department of Psychology, Texas Tech University, TX 79409, USA",
Sohail Zafar,"Department of Business, Lahore School of Economics, Lahore, PAKISTAN",
Celia Pérez-García,Instituto Mexicano del Seguro Social,
Don Stemen,Loyola University Chicago,
Hemma Zmugg,University of Vienna,
James Aitken,University of Surrey,
Don Stemen,Loyola University Chicago,x
Gina M. Grimshawb,Victoria University of Wellington,
Victor Zamaraev,National Research University,x
Donna West-Strum,The University of Mississippi,
Emiliano Lasagna,Università di Perugia,
PATRICK STURGIS,University of Southampton,
Gabrielle Carlson,State University of New York,
Victor Zamaraev,The National Research University – Higher School of Economics' Academic Fund Program,
Manoj Kumar,"CSE, Amity University Noida, Uttar Pradesh, India",
Margareta Larsson,"Uppsala University , Uppsala,  Sweden",
John Spillan,University of North Carolina at Pembroke,
Timothy Takahashi,Arizona State University,
Martin Orrell,"Mental Health Sciences Unit, University College London",
Paul Benjamin Lowry,"Virginia Polytechnic Institute & State University, University of Hong Kong",
Esther MOLINA,Centro de Investigación en Criminología. Universidad de Castilla-La Mancha Esther.Fdez@uclm.es,
Gabrielle Carlson,State University of New York–Stony Brook,x
Robert Weech-Maldonado,"Department of Health Services Administration, University of Alabama at Birmingham",
Luís Trabasso,Aeronautics Institute of Technology,
Roland Werner,"Institut für Agrarwissenschaften, ETH Zürich, LFW C48.1, Zürich, Switzerland",
K M Moeed,"Mechanical Engineering Department, Integral University, India",
Jacques Juhel,Université Rennes 2,
Kyle Bradley,Indiana University,
Ivar Kristiansen,"Department of Health Management and Health Economics, Institute of Health and Society, University of Oslo, P. box 1089 Blindern, N-0318, Oslo, Norway",
Nathan Kuppermann,"Department of Pediatrics, University of California Davis",
Kari Leino,"Department of Anesthesia, Intensive Care Medicine, Emergency Medicine and Pain Medicine, Turku University Hospital, Turku, Finland",
Abhishek Ghosh,KM Shah Dental College,
Arif S. Malik,Saint Louis University,
Nathan Kuppermann,University of California,x
Arif Malik,"Parks College of Engineering, Aviation and Technology, Saint Louis University",
Shahe Kazarian,American University of BeirutBeiru,
Ellen Childs,University of Notre Dame,
Pekka Räsänen,"Department of Social Research, University of Turku,",
Andrea Hense,Bielefeld University,
Golam M. Newaz,Cambridge University,
Pedro Gamito,"Universidade Lusofona de Humanidades e Tecnologia, Portugal",
Ricardo Uauy,London School of Hygiene & Tropical Medicine,
Emma Mansbridge,"Department of Mechanical & Automobile Engineering, Limerick Institute of Technology, Moylish, Limerick, Ireland",
Ricardo Uauy,London School of Hygiene & Tropical Medicine,x
Jérôme Defrance,"Université Paris Est, CSTB (Centre Scientifique et Technique du Bâtiment), 24 Avenue Joseph Fourier, Saint Martin d’Hères, France",
Víctor E. Olivares Faúndez,Psicólogo y Doctor en Psicología Social y de las Organizaciones. Profesor de la Escuela de Psicología de la Pontificia Universidad Católica de Chile.,
Erik Canisius,Zuyd University,
Michael Donnelly,Queen’s University Belfast,
Jeffrey Lazarus,Copenhagen University,
Víctor Olivares,Pontificia Universidad Católica de Chile,
Amir Sadeghi,University of Isfahan,
John B. McKinlay,"New England Research Institutes, Watertown, Massachusetts",x
Kareem Ajibola W,"Federal Polytechnic, Ede, Osun State, Nigeria",
Heide Glaesmer,University of Leipzig,x
"Philippe BeutelsUniversity of Antwerp, Vaccine & Infectious Disease","Institute, Center for Health Economics Research and Modeling Infectious Diseases, Belgium , PhD,",
Rachel Thompson,"School of Psychology, The University of Queensland, Brisbane, Queensland, Australia",
Wei Zhang,Tsinghua University,
Carsten Sauer,Bielefeld University,x
Joop Schippers,Utrecht University School of Economics,x
Anna Nieboer,"Institute of Health Policy & Management (iBMG), Erasmus University, Rotterdam, The Netherlands",
S. Ghali,Central Metallurgical Research and Development Institute,x
Erik CANISIUS,"Research Centre of Employability, Zuyd University of Applied Sciences, Heerlen-Maastricht-Sittard,  The Netherlands",x
Thomas H Ollendick,Virginia Polytechnic Institute and State  University,
Serge Brand,"Psychiatric Hospital of the University of Basel, Basel, Switzerland",
Sriparna Datta,UNIVERSITY OF CALCUTTA,
Adré Boshoff,"IIDepartment of Industrial Psychology, University of the Western Cape, South Africa",
Martins Gonçalves,Universidade de Lisboa,
Serge Brand,University of Basel,x
Pierre Schoeffler,Univ-Clermont 1,
Adré Boshoff,University of the Western Cape,x
Thorhallur Gudlaugsson,University of Iceland,
David Urchaga,Universidad Pontificia de Salamanca,
Ulrike Korn,Institute for Landscape,
Lindsay E Kip,University of Kentucky,
Jilly Ngwainmbi,Fayetteville State University,
Zhengkui Liu,"Key Laboratory of Mental Health, Institute of Psychology, Chinese Academy of Sciences, Beijing, China",
LINDSAY KIPP,UNIVERSITY OF KENTUCKY,
Petek AŞKAR,Hacettepe University,
Seppo Laaksonen,"University of Helsinki, Finland",
Trent A. Petrie,University of North Texas,
Lalantha Leelarathna,Newcastle University,
Shannan Trecartin,Andrews University,
Serge Brand,"Psychiatric Hospital of the University of Basel, Basel, Switzerland",x
Hawal Shamon,University of Bielefeld,
Susan G. Fisher,Temple University. Lewis Katz School of Medicine,
Peter Valet,University of Bielefeld,x
Edward F. Crawley,Massachusetts Institute of Technology,
Ana Borges,Lusíada University of Oporto,
Trent A. Petrie,University of North Texas,x
James Shaw,American Diabetes Association,x
Jairo Jiménez-Torres,"National University of Costa Rica, Nicoya Headquarters",
Andrew Eisen,"School of Psychology, Fairleigh Dickinson University",
James Shaw,"Institute of Cellular Medicine, Newcastle University, Newcastle, U.K.",
Allan H.K. Yuenb,The University of Hong Kong,
Ravishankar Rajagopalan,The Ohio State University,
Fiona Alice Miller,University of Toronto,
Natascha Nisic,"University of Erlangen-Nuremberg, Germany",
Jan Ilkiw,University of California-Davis,
Craig Van Slyke,Louisiana Tech University,
Timothy Pawlik,"Department of Surgery, School of Medicine",
"Hinz, Thomas",University of Konstanz,
Tjeerd van Staa,University of Manchester,
Mimma Tafà,Sapienza University of Rome,
Yu-You Tsai,Tajen University,
Stefan Liebig,Bielefeld: DFG Research Center,x
Chigozie Ezeonyejiaku.,"Nnamdi Azikiwe University, Awka",
Jacqueline Jones,University of Colorado,
José Viegas,Technical University of Lisbon,
Marc Moss,University of Colorado School of Medicine,
Jan E Ilkiw,"Surgical and Radiological Sciences and Dean’s Office, University of California-Davis, School of Veterinary Medicine, Davis, CA, USA",
Marla Davidson,"Division of Geriatric Psychiatry, Department of Psychiatry, University",
Antonia Jiménez-Iglesias,University of Seville,
Ruth E Langley PhD,"Medical Research Council Clinical Trials Unit, London, UK",
Michelle Ghert,McMaster University,
Cristinel Mortici,"University of Targoviste,Romania",
Geoff Iverson,University of California,
Antonia Jimenez-Iglesias,"Department of Developmental and Educational Psychology, University of Seville",
Nicolas Roussiau,Université de Nantes,
Thomas Hinz,American Psychological Association,x
S. Ghali,Central Metallurgical Research and Development Institute (CMRDI),
Töres Theorell,Stockholm University,
Piippo MD Jouni,Oulu University Hospital,
Teresa Chirkowska-Smolak,Adam Mickiewicz University,x
Stacy Mallicoat,California State University,
Hector Morales,University of La Laguna,
Teresa Chirkowska-Smolak,Adam Mickiewicz University,
Töres Theorell,Stockholm University,x
Patricia Hawley,University of Kansas,x
Milenović Miodrag S.,"University of Belgrade, Belgrade, Serb",
C. Dassa,Université de Montréal,
Anthony Clement,University of Benin,
Michael Furlong,University of California,x
J. L. Carballo,"Miguel Hernández University, Elche, Alicante, Spain",
Barry Schouten,"Department of Methods and Statistics, Faculty for Social and Behavioural Sciences, Utrecht University, Utrecht, The Netherlands",
Soraya Seedat,Stellenbosch University,
Nabil Droubi,"Lebanese University, Saida, Lebanon",x
Y. Khazaal,Geneva University Hospitals,
Belén Ramos,University of Barcelona,x
Michael Mahony,University of Newcastle,
Fran Walsh,Kimberly Clark Corporation,
Markku Hannula,University of Helsink,
Wen Bin Zhang,Peking University,
Kirsten Martin,George Washington University,x
Arif Altun,Hacettepe University,
Kristen MARTIN,George Washington University - Department of Strategic Management & Public Policy,
Ahmed Waqas,Human Development Research Foundation,
Masoud Ghaffarian,Tehran University of Medical Sciences,
Didier Fass,"LORIA - MOSEL,Nancy,France",
Carsten Maple,"University of Bedfordshire, Luton LU1 3JU, UK",
Saloua Benammou,Facult´e des Sciences Economiques et de Gestion,
Scott Reeves,"Kingston university,st george's university of london",
Jessica Villalpando Uribe,Servicios de Salud del Estado de Puebla (Mexico),
Hazreen Abdul Majid,"University of Malaya, Ministry of Health",
Alexandru Voicu,Bucharest Academy of Economic Studies,
Francisco Venegas,Cristóbal Colón University,
Hazreen Abdul Majid,Ministry of Health,x
Andrea Pozza,Università degli Studi di Siena,
Ashley Gonzales Ashley Gonzales,The University of New Mexico,
P R Taylor,Colorado School of Mines,
Ashley Gonzales,The University of New Mexico,
Juhani Ilmarnen,University of Eastern Finland,
Jan Bergdahl,UiT The Arctic University of Norway,
"Saloua Benammou,","Facult´e des Sciences Economiques et de Gestion, Tunisie",
Milka Elena Escalera-Chávez,"Multidisciplinary Unit Middle Zone at Autonomous University of San Luis Potosí, (SLP-México)",
Aigbavboa Clinton,University of Johanesburg,
Nathalie Michels,University Hospital,
A.R. Golparvar,Islamic Azad University,
Peter Cosgrove,Aga Khan University,
Timothy Takahashi,Arizona State University,x
Christopher Kruegel,University of California,
Rebekah Moles,The University of Sydney,
Christopher Ferguson,Texas A&M International University,
Bradley Petrisor,"Division of Orthopaedic Surgery, Department of Surgery (M.B., D.W., and B.P.), and Department of Clinical Epidemiology and Biostatistics (K.F. and S.S.), McMaster University",
Ford A. C.,University of Leeds,
Flávio Peixoto,The Brazilian Institute of Geography and Statistics (IBGE),
B Jann,Routledge/Taylor & Francis Group.,
Francisco Cabello Santamaría,"Andalusian Institute of Sexology and Psychology, Málaga, Spain",
Michael J. Polonsky,DEAKIN University,
Fernanda Scagliusi,University of São Paulo,
Margareta Cederberg,"Malmo University, Malmo Sweden",
Charlotte Hespe,University of Notre Dame Australia,
J Dollman,"Exercise for Health and Human Performance Group, School of Health Sciences, University of South Australia, Adelaide, South Australia, Australia",
P R Taylor,Kroll Institute,x
A G Tertyshnikova,Peoples’ Friendship University of Russia,
Jean-Michel Oppert,Université Paris,
Cristopher J. Ferguson,"Department of Behavioral, Applied Sciences and Criminal Justice , Texas A&M International University , Laredo , Texas , USA",
Nioushah Eghtedari,Islamic Azad University,
Mark A Schuster,RAND Graduate School (now the Pardee RAND Graduate School),
Jean-Louis Bourgain,Institut Gustave-Roussy,
Manjunatha Hiremath,Gulbarga University,
PeterUniBi Valet,Universitätsbibliothek Bielefeld,
Dai Yaohua,Asia Pacific Journal of Clinical Nutrition,
Timothy Olds,University of South Australia,
Oi-man Kwok,Texas A&M University,
Brad Gentner,Gentner Consulting Group,
Jaya Kumar,"Asian Institute of Medicine, Science and Technology (AIMST) University, Bedong 08100, Kedah, Malaysia",
L.M. Gilhooly Mary Cairns Deborah,Brunel University,
Jouko Katajisto,"University of Turku, Finland",
Neha R Soni,New York Medical College-Westchester Medical Center Residency Hospital,
Teresa Hogan,Dublin City University Business School,
Yan Chen,Statistical Institute of Catalonia,
Brad Gentner,Gentner Consulting Group,x
Miranda Laurant,"Radboud University Nijmegen Medical Centre, Scientific Institute for Quality of Healthcare (IQ healthcare), P.O. Box 9101, 114 IQ healthcare, 6500 HB, Nijmegen, The Netherlands",
Brigitte Dooley,University of Kentucky,
Gabriel Rodríguez,Pontificia Universidad Católica del Perú,
Jonathan Cagan,Carnegie Mellon University,
Miranda Lauramt,Radboud University Nijmegen Medical Centre,
Jill Montaquila,Westat,
KIKI M J M H LOMBARTS,University of Amsterdam,
Mohammad A. Farrag,Cairo University,
Joe King,"University of Washington, Seattle, USA",
Teresa González-Moreno,Dublin City University,
Helmut Schumacher,"Medical Data Services, Boehringer Ingelheim GmbH, Ingelheim, Germany",
Mark Schuster,Boston Children's Hospital/Harvard Medical School,
Deborah Cairns,"School of Health Sciences and Social Care, Brunel Institute for Ageing Studies, Brunel University, Uxbridge, UK",
Neha Soni,"SVIT, Vasad, Gujarat, India",
Miranda GH Laurant,Scientific Institute for Quality of Healthcare,
Matt R. Nobles,Sam Houston State University,
Belén Ramos,University of Barcelona,
R. G. Asl,"Departement of Agronomy and Plant Breeding, Tabriz Branch, Islamic Azad University, Tabriz, Iran.",
Yu-Liang Chen,National Taiwan Normal University,
A Rajabizadeh,"Environmental Health Eng. Research Center and Dept. of Environmental Health, Kerman University of Medical Sciences, Kerman, Iran",
Johan Heilbron Johan Heilbron,UNIVERSITY ROTTERDAM,
Wei Hao,Mental Health Institute of Central South University,
Eldon L. Little,"Drake University,Blackburg,USA",
Clarice Garcia Borges DEMÉTRIO,Universidade de São Paulo - USP,
S. Dolbeault,"Institut Curie, Paris, Inserm Paris, Univ Paris-Sud and University Paris Descartes",
Belén Ramos,University of Barcelona,x
Neha R.Soni,"Vasad, Gujarat, India",
Mingjiong Wang,Traditional Chinese Medicine department of Changsha Medical School,
R. Asl,Islamic Azad University,
Geert-Jan Dinant,"Department of Family Medicine, CAPHRI School for Public Health and Primary Care, Maastricht University, Maastricht, Netherlands",
Arif Altun,Hacettepe University,x
Stephen J. Zyzanski,Case Western Reserve University,
Roman Velasco,"Department of Surgery, School of Medicine, Alcala University, Madrid, Spain",
Richard C. Holland,University of East Anglia,
Troy D. Thomas,University of Guyana,
Thi Lip Sam,Universiti Utara Malaysia,
Edmond Boyer,"INRIA – Team Perception Grenoble, France",
D Mant,University of Oxford,
I. Ubarretxena-Belandia,Icahn School of Medicine at Mount Sinai,
Shih-Fong Huang,"Division of Neural RepairNeurological Institute, Taipei Veterans General HospitalTaipeiTaiwan, Republic of China",
Mingjiong Wang M.S.,Changsha Medical School,
Elizabeth A. Segal,Arizona State University,
Melissa Ruth Partin,"University of Minnesota School of Medicine, Minneapolis, MN, USA",
Marie-Odile Krebs,Paris Descartes University,x
Iban Ubarretxena-Belandia,New York Structural Biology Center,
Huang Rong-juan,Hechi University,
Cristian Ruiz,Université Joseph Fourier,
Patrick Odell,The University of Texas at Dallas,
Aaron Berg,"University of Michigan,MI",
Raquel Corbí,Universidad de Alicante,
Björn Andernach,University of Bielefield,
Karan Singh,University of North Texas Health Science Center,
Marie-Odile Krebs,University Paris Descartes,x
Timo Jaakkola,"Department of Sport Sciences, University of Jyväskylä, Finland",
Kurt Heiss,Children's Healthcare of Atlanta,
Matthias Sporrle,Wiley Online Library,
Martin Haenggi,University of Notre Dame,
Muhammad Zafrullah,Idaho State University,
Muhammad Zafrullah,No Affiliation,x
Richard Steinberg,University of Nevada,
Sepide Samadzadegan,Linköping University,x
Niloufar Manafia,University of Tehran,
Carol Connell,University Of Southern Mississippi,
Jody Green,"Rocky Mountain Poison & Drug Center, Denver Health, Denver, USA",
R.B.N. Prasad,"Centre for Lipid Research, Indian Institute of Chemical Technology, Hyderabad",
Bertrand Maillet,"A.A.Advisors‐QCG (ABN AMRO), Variances and Univ. Orléans (LEO/CNRS and LBI)",
James J. Sobol,Buffalo State College,
Abdulkadir Ercan,"Mardin Artuklu University, TURKEY",
Thorhallur Gudlaugsson,University of Iceland,x
Sepide Samadzadegan,"Linköping University, Sweden Institute of Technology",
Patricia Sancho,University San Antonio of Murcia,
Kapil Sayal,University of Nottingham,
TH Nash III,Arizona State University,
Eunjung Lim,Purdue University,
Samayita Sarkar,JIS College of Engineering,
Pablo Castillo,Mayo Clinic College of Medicine,
Maligin Ya V,The N.I. Pirogov Russian national research medical university Minzdrav of Russia,
Janice Deakin,University of Western Ontario,
KATHERINE L.FIELDING,"London School of Hygiene and Tropical Medicine, London, United Kingdom",
Michael Devrese,Max Rubner-Institut,
Scott Smith,Qualtrics,
Pilvikki Heikinaro-Johansson,University of Jyväskylä,
Sheng-Ju Wu,"Chung Cheng Institute of Technology, National Defense University",
J Carballo,Miguel Hernández University,
Tomonori Hasegawa,Toho University School of Medicine,
Chien-Hsiuo Liu,Fu Jen Catholic University,
Janice Deakin,"Department of Kinesiology, University of Western Ontario, London, Ontario, Canada",x
Enkela Maloku,Romanian American University,
Niloufar Manafi,"School of Chemical Engineering, College of Engineering, University of Tehran, Tehran, Iran",
Yang Liu,"Nanjing University, Nanjing 210023, China",
Isabel Castillo,"University of Valencia, Spain",
FARABI S.M.V,"IRANIAN FISHERIES RESEARCH ORGANIZATION (IFRO),MAZANDARAN PROVINCE",
Richard Appleton,Alder Hey Children's NHS Foundation Trust,
Daniel Morán,"U.N.E.D Madrid, Spain",
Sílvia S. Martins,Columbia University Mailman School of Public Health,
Richard Kravitz,University of California,
Evgeny N. Osin,HSE University,
Mojtaba Mansouri,Isfahan University of Medical Sciences,
Andreza Ribeiro,Universidade Nove de Julho (UNINOVE),
Isabel Fernández,University of Valencia,
Jochen Vollmann,Ruhr-Universität Bochum,
Lee Jae Yeon,University of Chicago.,
Zulfiqar Bhutta,Aga Khan University,
Sonia Carneiro,School of Technology and Management of Felgueiras,
Lehana Thabane,"Biostatistics Unit/FSORC, Joseph's Healthcare Hamilton, 3rd Floor Martha, Room H325, St., 50 Charlton Avenue East, Hamilton, ON, L8N 4A6, Canada",
Julio Mateus,"Escuela de Salud Pública, Universidad del Valle Calle, 4B 36-00, San Fernando, Cali, Colombia",
J.C. Chang,University of Pittsburgh,
Jennifer Hartman,"Department of Criminal Justice and Criminology, University of North Carolina at Charlotte, Charlotte, USA",
Petrus Nel,University of the Free State,x
"Stephen D Fisher,",UNIVERSITY OF OXFORD,
Lehana Thabane,McMaster University,x
Paola Cantarelli,"Bocconi University Milan, Italy, Sant'Anna School Institute of Management",
Analisa Flores,"University of California, Riverside, CA",
Paola Cantarelli,Sant'Anna School Institute of Management,x
Sarah E Hetrick,University of Melbourne,
Mária Kopp,Semmelweis University,
Isabelle Pin,Univ Joseph Fourier,
Zulfiqar A Bhutta,"University, Karachi",
D.R. Cox,University of Oxford,
Ehud Bodner,Bar Ilan University,
Laura Ferrari,CATHOLIC UNIVERSITY OF MILANO,
Braden Manns,"Foothills Medical CentreCalgary, Canada",
LI Jin-hua,"School of Life Science in Anhui University,",
Marie De Beer,Durban University of Technology,
Thomas F.,Université Paris Descartes,
Julio Cesar Mateus,Universidad del Valle Calle,
C D'Arcy J Holman,The University of Melbourne,
"Bodner, Ehud",Bar-Ilan University,
Karina Mostert,"School of Human Resource Sciences, North-West University, Potchefstroom Campus, South Africa",
Leopoldo Mondauto,Italia Lavoro S.p.A.;,
N.A. Muller,EAGE,
Alexandru Capatina,University Dunarea de Jos of Galati,
Tina L. Freiburger,University of Wisconsin-Milwaukee,
Bradley Jones,"University of Antwerp, Antwerp, Belgium",
Dana Telem,University Medical Center,
Hassan Hamid,"Federal College of Education Islamabad, Pakistan",
Tina Freiburger,University of Wisconsin-Milwaukee,
Mariam Tadros,Ain Shams University,
Iris Yob,Walden University,
Heidi Keller,Universität Osnabrück,
Dennis Eggett,Brigham Young University - Center for Statistical Consultation and Collaborative Research,
Dana Telem,Stony Brook University Medical Center,x
Giancarlo Liumbruno,National Center for Biotechnology Information,
Brandon K. Applegate,"2University of South Carolina, Columbia, SC, USA",
Christian Prins,Université de Technologie de Troyes,
Glen Schmidt,University of Northern British Columbia,x
Michel Wensing,Radboud university medical center,
Susan Sorenson,"University of Pennsylvania, Philadelphia, PA, USA",
Andrea Cavallaro,"Centre for Intelligent Sensing Queen Mary University of London , London, E1 4NS, United Kingdom",
David Guwattude,"Makerere University, Kampala, Uganda",
A. Tsoho,Waziri Umaru Federal Polytechnic,
Jonathan Rose,University of Nottingham,
Mario G. Ferruzzi,Purdue University,
Kene Henkens,University of Amsterdam,
Catherine Doody,University College Dublin,
Niraj Shah,"C. S. Patel Institute of Engineering & Technology, Charotar University of Science and Technology, Changa, India",
Matthew Hitt,Louisiana State University,
Niraj Shah,Charotar University of Science and Technology,x
Stephanie Pausch,University of Bielefeld,x
David Guwattude,"Pincer Group International, Kampala, Uganda",x
Stefan Liebig,"University of Bielefeld, Faculty of Sociology, Bielefeld: DFG Research Center",
S. G. Deshmukh,Indian Institute of Technology,x
Dennis Eggett,Brigham Young University,x
Mohamed Kadiri,"University Mustapha Stambouli, Mascara. Algeria",
S. G. Deshmukh,Indian Institute of Technology Delhi,
Rachel Davis,"Imperial College London, Department of Surgery and Cancer, London, UK, University of Oxford",
M. B. Garba,"Mechanical Engineering Department, the Polytechnic of Sokoto State",
John Maroco,Higher Institute of Applied Psychology Lisbon,
Rachel Davis,"Imperial College London,",x
Margit Wiesner,"The University of Texas School of Public Health at Houston, Division of Health Promotion and Behavioral Sciences",
Majid Hazreen Abdul,University of Malaya,
João Maroco,"Unidade de Investigação de Psicologia e Saúde. Instituto Superior de Psicologia Aplicada. Lisboa, Portugal",
Mohamed Kadiri,University Mustapha Stambouli,x
Katrin Prinzen,University of Cologne,
David Castle,University of Melbourne,
Karolin Krause,University College London,
Jim Sibthorp,University of Utah,
Subash Kumar Pillai,University Malaya,
Ahmed Okor,Yarmouk University,
Joachim Wolff,"Institute for Employment Research,",
Harald Schupp,"University of Konstanz, General Psychology, Box 36, D-78457 Konstanz, Germany",
Dennis Eggett,Brigham Young University,x
Dumitru Baleanu,Cankaya University,
Michael Hewit,Northeast Ohio Medical University,
Niraj Shah,"Institute of Engineering & Technology, Charotar University of Science and Technology",x
Danielle Hessler,University of California,
Arne Bethmann,University of Konstanz,x
Peter Stratton,University of Leeds,
Fiona Miller,"University of Toronto, Toronto, Ontario, Canada",
Thomas Hinz,University of Konstanz,x
Margaret Sanders,"Northeast Ohio Medical University, Rootstown",
David McElhattana,Northwestern University,
Carsten Sauer,Radboud University,x
Sally Vernon,The University of Texas Medical School,x
Lisa Wallander,Malmo University,x
Prathiba Natesan,University of North Texas,
Verbanck Paul,"Centre Hospitalier Universitaire Brugmann, Brussels",
Sally Vernon,"Center for Health Promotion and Prevention Research, University of Texas School of Public Health and Center for Translational Injury Research, The University of Texas Medical School, Houston, Texas; and Division of Health Behavior Research, Washington University School of Medicine, St. Louis, Missouri",
Vassilis Athitsos,University of Texas at Arlington,
Isabel Hui-Ling,Tan Tock Seng Hospital,x
J Meyer,University of Virginia,
Sébastien Mongrand,University of Bordeaux,
Dorota Merecz,Nofer Institute of Occupational Medicine,
Sutharshan Rajasegarar,University of Melbourne,
Paul Benjamin Lowry,University of Hong Kong,x
Charles Vincent,Imperial College London,